No;Kecamatan ;Nama Sekolah;Alamat;Kepala Sekolah;Media Sosial;Nomor Telepon;Email;AkreditasI;Operator ;Website;Jumlah Siswa;Rombel;Guru;Pendidik;Kelas;Lab;Perpus;Gmaps
1;Ajibarang;SMP Negeri 2 Ajibarang;Jl. Pandansari 1044;Agus Suwarno;https://www.instagram.com/esperoajibarang/;281572318;espero.ajibarang@yahoo.co.id;A;Tri Suratno;https://smpn2ajibarang.sch.id/;913;27;42;13;26;5;1;https://maps.app.goo.gl/5icA5fLeuwFLwB8A6
2;Ajibarang;SMP Maarif Nu 1 Ajibarang;Jl. Pandansari No 876 Ajibarang;Gofur;https://www.instagram.com/smpmanusa.ajb/;281571724;smpmanu1ajb.official@gmail.com;A;Wito;https://smpmaarifnu1ajibarang.sch.id/;0;0;32;11;0;0;0;https://maps.app.goo.gl/nw98urxWHx8nKHE76
3;Ajibarang;SMP Pgri 1 Ajibarang;Jalan Raya Tiparkidul - Ajibarang;Mulyono, S.pd.;https://www.instagram.com/smppgri1ajibarang/;2816849503;smppgrisatuajibarang@gmail.com;B;Ari Wibowo;(-);0;0;16;5;0;0;0;https://maps.app.goo.gl/vrn8wgboMvR1Fma36
4;Ajibarang;SMP Muhammadyah Ajibarang;Jl. Prajurit Ambyah No.15;Haryanto Pamungkas;https://www.instagram.com/esmuha.official/;281571537; smpmuhajb@yahoo.co.id;A;Rooswanti Fatimah;https://smpmuhammadiyahajibarang.sch.id/;346;12;16;8;13;2;1;https://maps.app.goo.gl/JhcfdiFgoCppFeZd7
5;Ajibarang;SMP Pgri 2 Ajibarang;Jl. Babakan Rt 02/03;Bayuda Ardiyanto;https://www.instagram.com/explore/locations/437321930368585/smp-pgri-2-ajibarang/;-;smppgri2ajibarang@gmail.com;B;Elsa Nur Octavia;(-);97;4;5;4;8;1;1;https://maps.app.goo.gl/vVzsxrfAGw2DvLJy7
6;Ajibarang;SMP Negeri 1 Ajibarang;Jl. Raya No. 2 Ajibarang;Sikko Varianto;https://www.instagram.com/smpn1ajibarang/;281571782;smpn1_ajb@yahoo.com;A;Anisya Anindityarani;(-);0;0;35;11;0;0;0;https://maps.app.goo.gl/QngWWerm3apuNnuN8
7;Ajibarang;SMP Maarif Nu 2 Ajibarang; Jl. Raya Ajibarang-purwojati;Waluyo;https://www.instagram.com/esperoajibarang/;-;manuda2ajb@gmail.com;B;Nur Soviyati;(-);291;9;12;4;9;1;1;https://maps.app.goo.gl/wKMt9rTSgHzBWDyx5
8;Ajibarang;SMP Negeri 3 Ajibarang;Jalan Raya Ajibarang Timur;Titi Yulianti;-;281571968; smpn3_ajb@yahoo.com;A;Febri Ahmad Darmawan;https://smpn3ajibarang.sch.id/;0;0;38;13;0;0;0;https://maps.app.goo.gl/hCKgS9GzWResRdGZ6
9;Banyumas;SMP Muhammadiyah Banyumas;Jl.sudirman No.52;Sudarmanto;https://www.facebook.com/groups/1445993952372699/;281796322;smpmuhbms@yahoo.co.id;A;Yekti Handayani;(-);138;5;6;2;8;2;1;https://maps.app.goo.gl/UNNDcy3dTadNoMzH8
10;Banyumas;SMP Negeri 1 Banyumas;Jl.alun-alun No. 1 Banyumas;Endah Kurniasih;https://www.instagram.com/spensaba.hitzz/;281796020;smpn1_bms@ymail.com;A;Aprilina Patmayanti;(-);825;24;39;12;24;2;1;https://maps.app.goo.gl/boyqwndngoG2h1zF8
11;Banyumas;SMP Islam AI Fattah Banyumas;Desa Karangrau Rt 04 Rw 03;Muhammad Kholid;https://m.facebook.com/people/Smp-Islam-Al-Fattah-Banyumas/100008781498389/;-;smpislamalfattah.bms@gmail.com;C;Ari Susanti;(-);0;0;8;2;0;0;0;https://maps.app.goo.gl/5v6chg4MJ15vY7ck8
12;Banyumas;SMP Negeri 4 Banyumas;Jl. Dayakan Desa Pasinggangan;Restu Prabowo;https://www.instagram.com/smpn4banyumas/;2817860124;smpn4bms@gmail.com;A;Irwanto;https://smpn4banyumas.sch.id/;0;0;30;11;0;0;0;https://maps.app.goo.gl/4ZLdfrfuJ9MdzpYb6
13;Banyumas;SMP Negeri 2 Banyumas;Jalan Bhayangkara Nomor 6;Suparjo;https://www.instagram.com/smpnegeri2banyumas/;281796246;smpnegeri2banyumas@yahoo.co.id;A;Sudrajat;https://www.smpnegeri2banyumas.sch.id/;0;0;29;10;0;0;0;https://maps.app.goo.gl/CQb3gUaPqa7xSJPL7
14;Banyumas;SMP Negeri 3 Banyumas;Jl Raya Kejawar Km 1;Susilo;https://www.instagram.com/smpnegeri3purwokerto/?hl=id;281796232;smpn_3bms@yahoo.co.id;A;Rasito;(-);860;27;44;13;27;5;1;https://maps.app.goo.gl/3MhtsfgWWZubfYRBA
15;Banyumas;SMP Miftahul Falah;Jl. Marlando Sinar Jaya;Trimiati;https://www.instagram.com/smpitmiftahulfalah_/;-;smpmiftahulfalah13@gmail.com;C;Rahmat Supriadi;(-);76;3;9;1;4;0;1;https://maps.app.goo.gl/ptho45n9Y9suyn1S9
16;Banyumas;SMP Muhamadiyah Banyuwangi;Komplek Perguruan Muhammadiyah Banyuwangi;Kusriadi;https://www.instagram.com/smpmugawangi/?hl=id;-;smpmuhbanyuwangi@yahoo.co.id;B;Ahmad Taufani;https://smpmuh7bwi.sch.id/;;;;;;;;https://maps.app.goo.gl/oKCB6yqFcU1ebL1h6
17;Baturraden;SMP Negeri 1 Baturraden ;Jl. Raya Rempoah Barat;Arsiti;https://www.instagram.com/smpn1baturaden/;281681019;smpn1baturaden@yahoo.com;A;Ari Wibowo;(-);0;0;36;12;0;0;0;https://maps.app.goo.gl/VnXRXif3MAsQQtdD9
18;Baturraden;SMP Negeri 2 Baturraden ; Jl. Kemutug Kidul;Hartoyo;https://www.instagram.com/smpn2baturraden/?hl=id;281681125;smp2btrd@yahoo.co.id;A;Pureni;https://smpn2baturraden.sch.id/;0;0;36;10;0;0;0;https://maps.app.goo.gl/hZEV1gm3xEDwDZNb6
19;Baturraden;SMP Boarding School Al Irsyad Al Islamiyyah Purwokerto; Jl. Raya Kebumen-baturaden,  Rt 08/Rw 04;Umi Palupi;https://www.instagram.com/smpboardingalirsyadpwt/?hl=id;6871224; smpbs.alirsyadpwt@gmail.com;A;Agus Tri Hidayat;https://aabs.sch.id/;308;10;15;4;12;2;1;https://maps.app.goo.gl/hM77357LH66vCtdX8
20;Baturraden;SMP Pgri Baturraden ;Jl. Raya Baturraden Timur;Anis Fauziyah;https://www.instagram.com/spegiden_official/;281681872;smp.pgri.baturraden@gmail.com;A;Kamaludin;(-);299;10;7;4;13;1;1;https://maps.app.goo.gl/n9MA5HMLDhyZZ7Qs9
21;Cilongok;SMP Negeri 2 Cilongok ;Jalan Singadipa PANAMBANGAN Kec. Cilongok Kab. Banyumas Jawa Tengah;Saptari Darma Wijayanti;https://www.instagram.com/smpn2_cilongok/;281656038; smp2cilongok@yahoo.co.id;A;Mangud;https://smpn2cilongok.sch.id/;0;0;43;9;27;5;3;https://maps.app.goo.gl/Lhj7pDHz3Wrm5n3y8
22;Cilongok;SMP Zamzam Integrated Islamic School ;Jl.raya Cikidang No. 13;-;-;-;(-);(-);Muhammad Amar Mutaqien;(-);0;25;4;0;0;0;;-
23;Cilongok;SMP Mahad Darussaadah ;Desa Gununglurah, Kec. Cilongok Kab. Banyumas;Tofiq Hidayat;-;-;smpmahad20@gmail.com;C;Tofiq Hidayat;(-);0;0;4;2;0;0;0;https://maps.app.goo.gl/189mD9sLuQBL2b939
24;Cilongok;SMP Negeri 1 Cilongok ;Jl. Raya Pernasidi - Cilongok - Banyumas;Trisnatun;https://www.instagram.com/smpn1clgk/;281655457;spenza_clk@yahoo.co.id;A;Dwi Koristiyono;(-);822;24;35;11;24;2;1;https://maps.app.goo.gl/H8j1EysWnhmyE8db9
25;Cilongok;SMP Muhammadiyah Boarding School Zam-zam Cilongok ;Pernasidi Rt 01 Rw 05;M. Djohar;https://www.instagram.com/ponpes.zamzam/;281655145;smpmbs.zamzam@gmail.com;B;M. Djohar;https://smpmbszamzam.sch.id/;1003;33;44;9;37;5;1;https://maps.app.goo.gl/cSEFoEAppW1tzSfj9
26;Cilongok;SMP Pgri 1 Cilongok;Jl. Kelurahan Cikidang;Susi Aziz Rostikowati;https://www.instagram.com/smppgrisatucilongok/;281655785;smp_pgri_1@yahoo.co.id;B;Agung Tri Kusnandar;(-);0;0;6;5;0;0;0;https://maps.app.goo.gl/xYKc1J9CHGqCPtwg7
27;Cilongok;SMP Maarif Nu 1 Cilongok; Jl. Masjid Kauman Cilongok;Hidayatulloh;https://www.instagram.com/smp_manusaci_juara/?hl=id;281655332;smpmaarifnucilongok01@gmail.com;A;Khanif Ghozali;(-);0;0;23;3;18;2;2;https://maps.app.goo.gl/Niwp4ZqcpYSomdZx6
28;Cilongok;SMP Muhammadiyah Cilongok;Jl. Masjid Pernasidi;A. Taufik Fauzi;-;281655181;smpm.cilongok@yahoo.co.id;A;Sukanto;(-);268;9;15;5;9;2;1;https://maps.app.goo.gl/JZ75uu1psh4Tt62p8
29;Cilongok;SMP Pgri 2 Cilongok; Jalan Raya Panusupan;Subagyo;https://www.instagram.com/smp_pgri_2_cilongok/;-;smppgri2cilongokpanusupan@yahoo.co.id;B;Yuli Agus Prisetiyadi;(-);146;6;7;2;7;2;1;https://maps.app.goo.gl/sf5HYtixViRPYDeJ8
30;Cilongok;SMP Alam Al Aqwiya Cilongok; Desa Langgongsari Kec. Cilongok;-;https://www.instagram.com/smpalamku/;-;smpalamalaqwiya11@gmail.com;C;M Feri Abdillah;(-);540;16;18;6;16;1;1;https://maps.app.goo.gl/YKgRrp4Uy9JDtXwt9
31;Gumelar;SMP Negeri 3 Gumelar;Desa Samudra, Kecamatan Gumelar;Abdul Kodir;https://www.facebook.com/groups/145083215672206/;-;smpnegeritigagumelar@yahoo.co.id;B;Ira Handayani;(-);0;0;14;5;0;0;0;https://maps.app.goo.gl/4nLFUPZ19NUDPsiZA
32;Gumelar;SMP Negeri 1 Gumelar;Jl. Raya Gumelar No. 31;-;-;2815700353;gumelarsmpn1@gmail.com;A;Trio Hermanto;(-);0;0;30;5;0;0;0;https://maps.app.goo.gl/u5YHwViLKqWeTojK6
33;Gumelar;SMP Diponegoro 7 Gumelar;Barat Kua Gumelar;Agus Muslim;-;2815700292;smpdipo7gml@gmail.com;B;Slamet Ariyanto;(-);0;0;12;5;0;0;0;https://maps.app.goo.gl/kZaPAKfGMDNLmVqm9
34;Gumelar;SMP Negeri 2 Gumelar;Jalan Raya Paningkaban;Karmiati;https://www.instagram.com/esperogum/; 5703115;smpnegerigumelar@gmail.com;A;Karjono;(-);0;0;28;9;0;0;0;https://maps.app.goo.gl/eciB7W1sbJyk7Spe7
35;Gumelar;SMP Pgri Gumelar;Jl. Pramuka No 4 Gumelar;Sujadi;https://www.instagram.com/smppgrigumelar/;-;smppgri.gumelar@yahoo.co.id;B;Ismail;(-);0;0;2;5;0;0;0;https://maps.app.goo.gl/738kFL7xt2b8KHks7
36;Jatilawang ;SMP Boarding School Queen BuMI Al Falah Jatilawang ;Jl. Bantar No.70 (komplek Ponpes Al Falah) Tinggarjaya, Kec. Jatilawang;Eko Waluyo;https://www.instagram.com/smpbsqueenbumialfalah/;-;smpbsqueenbumialfalahjtl@gmail.com;(-);Wanda Riani;(-);0;0;14;5;0;0;0;https://maps.app.goo.gl/4F5L5w8eYUhsjULU8
37;Jatilawang ;SMP Pancasila Jatilawang ;Jl. Raya Jatilawang No. 17;Supar;https://www.instagram.com/smppancasila_jatilawang/;2816848503; smppancasila260@yahoo.co.id;A;Rudianto;https://www.smppancasilajatilawang.sch.id/;82;12;18;11;12;2;1;https://maps.app.goo.gl/RSZAoxs3S6iAujmr6
38;Jatilawang ;SMP Muhammadiyah Jatilawang ;Jl. Raya Tinggarjaya No.1912;Destriyanto Badruzzaman;https://www.instagram.com/smpmuhammadiyahjatilawang/;2816848593;smpmuhjatilawang@yahoo.co.id;A;Husni Mubarok;(-);0;0;11;5;0;0;0;https://maps.app.goo.gl/5M3HXmnrtrN4o7MG9
39;Jatilawang ;SMP Negeri 2 Jatilawang;Desa Gentawangi;Yudotomo Budi;https://www.instagram.com/smpn2.jatilawang/?hl=id;2816575522;smpn2jatilawang@gmail.com;A;Anita Jati Laksana;(-);0;0;37;13;21;3;1;https://maps.app.goo.gl/TTUqc6a6eKYan6So9
40;Jatilawang ;SMP Negeri 1 Jatilawang;Jatilawang;Soenarko;https://www.instagram.com/smpn1jtl/;2816848893;smpnjtl@yahoo.co.id;A;Sulis Setiyowati;https://smpn1jatilawang.sch.id/;826;24;39;13;24;5;1;https://maps.app.goo.gl/12Zyc1UWBCGaX6xS6
41;Jatilawang ;SMP Karya Bakti Jatilawang; Jl. Pramuka No. 2 Jatilawang;Basirun;https://www.instagram.com/smpkaryabaktijatilawang/?hl=id;2816848710;smpkyb@yahoo.co.id;A;Murniati;https://smpkyb.sch.id/;0;0;20;11;0;0;0;https://maps.app.goo.gl/4tk44D1WWMNmofx46
42;Kalibagor ;SMP Negeri 3 Kalibagor ;Jalan Kalianja;Anton;-;2816442206;smpnegeri3xbagor@gmail.com;A;Rohadi;https://smpn3kalibagorbms.sch.id/;0;0;30;11;21;2;1;https://maps.app.goo.gl/1PFwqBVVXBrZSMFw7
43;Kalibagor ;SMP Pgri Kalibagor ;Jl. Suwardjono 164 Kalibagor;Sudaryono;https://www.facebook.com/p/SMP-PGRI-Kalibagor-61557077823374/;2817618070;smppgrikalibagor@ymail.com;C;Faradila Wisnu Rachmawati;-;0;0;4;2;0;0;0;https://maps.app.goo.gl/jGcw15CwfX6ebneWA
44;Kalibagor ;SMP Negeri 4 Kalibagor;Jl. Bangin Srowot;Widodo;https://www.facebook.com/spenkafor/?locale=id_ID;(-);smpn4kalibagor@gmail.com;B;Pasirin;https://www.smpn4kalibagor.sch.id/;0;0;13;7;0;0;0;https://maps.app.goo.gl/XHMGjibry5SthsS89
45;Kalibagor ;SMP Negeri 1 Kalibagor;Jalan Suwarjono No. 162;Sugeng Kahana;https://www.instagram.com/smpn1_kalibagor/;2816438142;smpn1kalibagor@yahoo.co.id;A;Afid Muhamad Pambudhi;https://smpn1kalibagor.sch.id/;0;0;34;10;0;0;0;https://maps.app.goo.gl/mrdDo1mtPrV5r5nS6
46;Kalibagor ;SMP Negeri 2 Kalibagor;Jln. Raya Kaliori-kalibagor Banyumas;Ngadino Fredy Franmoko;https://www.instagram.com/smpn2kalibagor.official/?hl=id; 796574;smpn2kalibagor@live.com;A;Afika Kurnia Dewi;https://www.smpn2kalibagor.sch.id/;0;0;27;11;0;0;0;https://maps.app.goo.gl/Pr7FDKqkoNgVktp27
47;Karanglewas;SMP Muhammadiyah 1 Karanglewas; Jln. Damaraja;Ani Mulyati;-;281626819;smpmutu_karlez@yahoo.com;B;Isna Fitriani;-;0;0;6;2;0;0;0;https://maps.app.goo.gl/XEn5j9cC6zGr4fkJ9
48;Karanglewas;SMP Negeri 1 Karanglewas;Jl. Raya Tamansari;Dwi Riyani Darma Setianingsih;https://www.instagram.com/smpnegeri1karanglewas/?hl=id;2816575252;smpn1krlewas@yahoo.co.id;A;Mufti Zaenurrohman;https://smpn1karlesa.sch.id/;795;24;36;13;24;3;2;https://maps.app.goo.gl/7LZ27wYsdjaetn6q9
49;Karanglewas;SMP Negeri 2 Karanglewas;Pengebatan;Setiyowati;https://www.instagram.com/smpn2karanglewas/;2816840160; smp2karanglewas@gmail.com;A;Suryadi;https://smpn2karanglewas.sch.id/;0;0;29;11;0;0;0;https://maps.app.goo.gl/YuXhXfLxYoP5T3re8
50;Karanglewas;SMP Muhammadiyah 2 Karanglewas;Jalan Jaya Diwangsa No. 43 Karanglewas;Endah Susanti;https://www.facebook.com/groups/185640858148618/?locale=id_ID;281641264;smpmuh2krlws@yahoo.co.id;A;Dwi Retno April Lia;-;0;0;12;4;0;0;0;https://maps.app.goo.gl/2CHzUMWyo5Uq7xE67
51;Karanglewas;SMP Negeri 3 Karanglewas;Jalan Raya Kejubug;Purwoko Jugo Prijono;-;-;smp3karanglewas@gmail.com;B;Awaludin Soleh;-;0;0;17;6;16;1;0;https://maps.app.goo.gl/cztgkZaihrwdUXfH7
52;Kebasen;SMP Negeri 3 Kabasen;Mandirancan - Kebasen - Banyumas;Agus Widodo;https://www.instagram.com/smpn3kebasen_official/;2816844761;smp3_kebasen@yahoo.co.id;A;Ahmad Fathul Jannah;-;0;0;26;9;0;0;0;https://maps.app.goo.gl/TeZbwGPbgyxmzpin7
53;Kebasen;SMP Muhammadiyah Kebasen;Kebasen Banyumas;Muslikhatun;https://www.instagram.com/smpmuhammadiyahkebasen/;-;smpmuhammadiyah.kebasen@yahoo.com;B;Purwadi Syamsul Hidayat;-;96;4;10;3;5;1;1;https://maps.app.goo.gl/7UgeEpfsekkGgmFV6
54;Kebasen;SMP Islam Andalusia Kebasen; Dusun Leler, Desa Randegan Rt 04 Rw 01;Dayono;https://www.instagram.com/smpislamandalusia/;-;smpislam_andalusia@yahoo.co.id;A;Arif Setyawan;https://smpislamandalusia.sch.id/;908;29;45;13;33;3;2;https://maps.app.goo.gl/QfztoQmBJ2TyZ2uP7
55;Kebasen;SMP Negeri 1 Kabasen;Jl. Ngalisiswi Rt 01 Rw 04 Kalisalak;Agus Triwahyono;https://www.instagram.com/smpn1kebasen/?hl=id; 02816847718;smp1kebasen@gmail.com;A;Supri Haryanti;-;686;21;31;11;21;2;1;https://maps.app.goo.gl/u32R34QLk5ciYCnq5
56;Kebasen;SMP Islam Andalusia 2 Kebasen;Dusun Leler, Desa Randegan Rt 01/ Rw 02;Wahyudin;https://www.instagram.com/smpislamandalusia/;-;smpislamandalusia2@yahoo.com;B;Muhammad Dani Mujahid;https://smpislamandalusia.sch.id/;775;26;40;5;28;1;1;https://maps.app.goo.gl/QfztoQmBJ2TyZ2uP7
57;Kebasen;SMP Negeri 2 Kabasen;Jl. Desa Adisana Kebasen;Heri Saptono;-;2825291306;smpngr2kebasen@gmail.com;A;Rifki Bahtiar;-;0;0;28;8;0;0;0;https://maps.app.goo.gl/wwW5de9tuCDL3hHFA
58;Kebasen;SMP Pgri Kebasen; Jl. Puteran;Galuh Pratiwi;https://www.instagram.com/smppgrikebasen/;2816847749;smppgrikebasen@rocketmail.com;B;Tri Wianti;-;86;3;8;2;8;1;1;https://maps.app.goo.gl/hpWVaoBdcz6a4CMSA
59;Kedungbanteng;SMP Negeri 1 Kedungbanteng; Jl. Raya Kedungbanteng;Hari Sri Raharjo;https://www.instagram.com/smpn1kedungbanteng/?locale=zh-hans&hl=ar;2817773147;smpn1kedungbanteng@ymail.com;A;Yuni Kurniati;https://smpn1kedungbanteng.sch.id/;0;0;31;12;0;0;0;https://maps.app.goo.gl/KuWuceWQfiZsghMp7
60;Kedungbanteng;SMP Negeri 2 Kedungbanteng;Jalan Raya Keniten;Irma Pujiati;https://www.instagram.com/smpnegeri2kedungbanteng/;2816840590;smpnegeri2kedungbanteng@yahoo.co.id;A;Taswati;-;0;0;26;13;0;0;0;https://maps.app.goo.gl/9rkF7prfs784S2Vj8
61;Kedungbanteng;SMP Diponegoro 3 Kedungbanteng; Jl. Raya Kedungbanteng;Lili Setiyanti;https://www.instagram.com/km6_smpdipo3kdb/;2816840566;smp.dipo@yahoo.co.id;A;Asih Setiyani;-;0;0;14;5;0;0;0;https://maps.app.goo.gl/BCgxQmXzP3XUAGWU9
62;Kedungbanteng;SMP Negeri 4 Kedungbanteng; Jl.raya Rabuk-baseh;Edy Saptono;https://www.instagram.com/smpn4_kedungbanteng/;-;smpn4kedungbanteng@gmail.com;B;Mughofur;-;0;0;11;4;0;0;0;https://maps.app.goo.gl/oyMRt1XUXfCpkAY76
63;Kedungbanteng;SMP Negeri 3 Kedungbanteng;Kedung Banteng;Slamet Riyadi;-;-;smpnegeri3kedungbanteng@yahoo.co.id;B;Sofi Alfiatun;-;0;0;14;7;0;0;0;https://maps.app.goo.gl/8XJttyVQPBYv5pou6
64;Kedungbanteng;SMP Muhammadiyah Beji Kedungbanteng;Jl.r.soepeno No.03 Beji;Nurlela Rahmawati;https://www.instagram.com/smpmuhbeji/; 02816840926;smejikedungbanteng@gmail.com;B;Nurlela Rahmawati;-;0;0;9;2;0;0;0;https://maps.app.goo.gl/1Ryz9hyFuLwG8CR49
65;Kembaran ;SMP Islam Walisongo Kembaran ;Jl. Ponpes Mambaul Ushulil Hikmah; Labibul Mahmud;https://www.facebook.com/smpislam.walisongokembaran/;-;smpislamwalisongokembaran@gmail.com;B;Yongky Abdurrahman Wachid, S. Pd;-;0;0;8;2;0;0;0;https://maps.app.goo.gl/X7Lyr7QzqS1nVbQBA
66;Kembaran ;SMP Negeri 2 Kembaran ;Jl. Raya Purwodadi;Ibnu Tavip Martapa;https://www.instagram.com/smpn2kembaran/;2817773790;smpnkembarandua@gmail.com;A;Nur Ernawati;https://smpn2kembaran.sch.id/;0;0;27;10;18;2;1;https://maps.app.goo.gl/d6L4yg8wjNu22kGn9
67;Kembaran ;SMP Muhammadiyah Kembaran ;Kembaran Banyumas;Supriyatno;https://www.instagram.com/smpmuhkembaran/;-;smpmuhammadiyahkembaran@yahoo.co.id;B;Siti Faridah;-;0;0;6;2;3;1;1;https://maps.app.goo.gl/MDAwK422BYG1qBpX8
68;Kembaran ;SMP Islam Terpadu Nusantara Kembaran;Rt 005 Rw 002;Sofian Deddy Sarjana;https://www.instagram.com/smpitnusantara_kembaran/;-;smpitnusantarakembaran@gmail.com;(-);Puji Sulis Stiawati;-;0;0;9;3;0;0;0;https://maps.app.goo.gl/by4UezcgB258Mqrt5
69;Kembaran ;SMP Negeri 1 Kembaran ;Kembaran Banyumas;Suyatno;-;-;smpn1kembaran@ymail.com;A;Puji Rahayu;https://www.smpnegeri1kembaran.sch.id/;0;0;33;13;0;0;0;https://maps.app.goo.gl/MfNND7SiF2gZSbHG9
70;Kembaran ;SMP Gunungjati Kembaran;Jl. R. Patah 911 A;Mudjat;-;281625740;smpgunungjatikembaran@yahoo.com;B;Diah Kukuh Prastiwi S. Kom;-;72;3;8;2;6;2;1;https://maps.app.goo.gl/eS7pTuEW1NC666gP7
71;Lumbir ;SMP Negeri 3 Lumbir ;Citunggul RT 04 RW 05 Dermaji Kec. Lumbir Kab. Banyumas Jawa Tengah;-;-;-; lumbirspega@yahoo.co.id;C;Dwi Margiyani;-;0;0;5;2;0;0;0;https://maps.app.goo.gl/PKpdCtvuDrYkj7AJ6
72;Lumbir ;SMP Negeri 2 Lumbir ; Jl. Raya Parungkamal-lumbir Banyumas;Kuswanto;https://www.instagram.com/explore/locations/292146411662175/smp-negeri-2-lumbir/;-;smpnegeri2lumbir@gmail.com;A;Esti Wahyuni;-;0;0;29;12;18;2;1;https://maps.app.goo.gl/QGEE3g6Th83hHg5r6
73;Lumbir ;SMP Vip Nu Tahfiz Al-quran BanyuMA;Rt 004 Rw 007;-;-;-;;(-);(-);-;0;0;5;3;0;0;0;-
74;Lumbir ;SMP Pgri Lumbir ;Jl Raya Cingebul;M. Bakhtiar Nawawi;-;-;smppgrilumbirbms@yahoo.com;B;Susanto;-;0;0;7;3;0;0;0;https://maps.app.goo.gl/JCDCMVacW3oqZUAw6
75;Lumbir ;SMP Negeri 1 Lumbir ;Jalan Raya Lumbir;Samidi;https://www.instagram.com/smpn1lumbir/;2815700155;smpn1lbr@gmail.com;A;Rita Riyanti;-;0;0;35;11;0;0;0;https://maps.app.goo.gl/jepjUMDBGWRhG9Sq6
76;Patikraja ;SMP Ype Patikraja;Jl. Raya Patikraja No:18 PATIKRAJA Kec. Patikraja Kab. Banyumas Jawa Tengah;Yuli Kusumawati;-;-;smpypepatikraja@gmail.com;B;Menik Sri Wahyuni;-;75;3;6;2;8;2;1;https://maps.app.goo.gl/2krRCwmqAT6neXa6A
77;Patikraja ;SMP Maarif Nu 1 Patikraja ;Jl. Bahagia Rt 6/6;Wahyudin Sapta Prawira;https://www.instagram.com/smpmanu1patikraja/;-;smpmaarifnusatupatikrja@gmail.com;B;Nany Hidayati;-;0;0;8;1;0;0;0;https://maps.app.goo.gl/Zw3gW1PsnbKHkcmV6
78;Patikraja ;SMP Negeri 1 Patikraja ;Jl. Banyumas No. 09 Patikraja;Suryatno;https://www.instagram.com/smpn1patikraja/?hl=id;2816844834;smpsatupatikraja@yahoo.co.id;A;Susiswi Martini;https://smpnsatupatikraja.blogspot.com/;0;0;36;13;0;0;0;https://maps.app.goo.gl/freDd69ZDfCayw8UA
79;Patikraja ;SMP Negeri 2 Patikraja ;Jln. Balai Desa Kedungwuluh Lor;Rina Muharti;https://www.instagram.com/smpnegeri2patikraja/;6574601;smpn2patikraja@gmail.com;A;Sujito;-;0;0;34;10;0;0;0;https://maps.app.goo.gl/hYjUC42oucBJ9txo6
80;Pekuncen;SMP Negeri 3 Pekuncen;Pekuncen;Sutomo;https://www.facebook.com/p/SMP-N-3-Pekuncen-100069900551515/?locale=ms_MY; 02817617889;espentripekuncen3@gmail.com;B;Suhermanto;-;0;15;25;8;15;3;1;-
81;Pekuncen;SMP Takhassus Al Quran Pekuncen ;Jl. Curug Cipendok No. 1 Tumiyang;Sriyanto;https://www.facebook.com/p/SMP-Takhassus-Al-Quran-Pekuncen-100076970361429/;-;smp_takhassus_pekuncen@yahoo.com;B;Samroh,s. Pd. I.;-;0;0;7;2;0;0;0;https://maps.app.goo.gl/tx64iddBhivCwyvU6
82;Pekuncen;SMP Negeri 1 Pekuncen;Karangklesem;Siti Khusnah;https://www.instagram.com/smpn1pekuncen/;2816439394;espejipekuncen@yahoo.co.id;A;Arif Yulianto;https://smpnegeri1pekuncen.sch.id/;713;21;34;11;21;3;1;https://maps.app.goo.gl/7hk2eswXM7s9wSVP8
83;Pekuncen;SMP Maarif Nu 1 Pekuncen ;Jl. Raya Ajibarang-tegal Km 8;Ach. Muzaqi;https://www.instagram.com/smpmanusapkc/?hl=id;-;smpmrfnu01pekuncen@yahoo.co.id;B;Yuyun Umi Kulsum;https://smpmaarifnu1pekuncen.my.id/;502;14;17;5;8;2;0;https://maps.app.goo.gl/w3vGYr9yEjJ6Gx889
84;Pekuncen;SMP Negeri 2 Pekuncen;Jl. Raya Cikawung - Pekuncen No. 6;Sairan;https://www.instagram.com/officialsmpn2pekuncen/;572188;smpnegeri2pkc@gmail.com;A;Paidi,s. Pd;https://www.smpn2pekuncen.sch.id/;0;0;31;7;21;2;1;https://maps.app.goo.gl/rgsuJx94N2RErPoi8
85;Pekuncen;SMP Diponegoro 10 Pekuncen ;Jalan Stasiun Legok Pekuncen;https://www.facebook.com/permalink.php/?story_fbid=561004366249593&id=100070201031614;-;-;smpdiponegoro10pekuncen@gmail.com;B;Rien Gita Mahessa;-;0;0;13;3;0;0;0;https://maps.app.goo.gl/7E27HsFyYVFRAQ6p9
86;Purwojati ;SMP Negeri 1 Purwojati;Jalan Karangtalun Kidul;Suyatno;https://www.facebook.com/SMP.Negeri.1.Purwojati/?locale=id_ID;2816574353;smpn1purwojati99@gmail.com;A;Tri Surochman;https://smpn1pwjt.sch.id/v3/;0;0;32;9;0;0;0;https://maps.app.goo.gl/1yhtEdx5DbDebPw49
87;Purwojati ;SMP Negeri 2 Purwojati;Jl. Inpres Karangmangu;Tri Broto Sulistyo;https://www.instagram.com/smpn2purwojati/;-;smpn2p@yahoo.com;A;Nora Nurmartya Grafidth;-;0;0;26;7;0;0;0;https://maps.app.goo.gl/ZpEQf9XEXYMi7XUt8
88;Purwojati ;SMP Muhammadiyah Purwojati;Jln.karangtalun Kidul;Tri Murniati;https://www.instagram.com/smpmuhpurwojati/;-;smpmuhpwjati@gmail.com;B;Yeni Yuliati;https://smpmuhammadiyahpurwojati.gosch.id/;0;0;12;3;0;0;0;https://maps.app.goo.gl/Q5UpB2PsMessuLDV8
89;Purwokerto Barat;SMP Boarding School Putra Harapan Purwokerto Barat;Ks Tubun Gang Slobor No. 3;Abdullah;https://www.instagram.com/smpbsputraharapan_pwt/;6440559;smpbsputraharapan@gmail.com;B;Heri Purnomo;https://www.smp.putra-harapan.sch.id/;0;0;12;4;0;0;0;https://maps.app.goo.gl/HEDv81GpicF8QSHK9
90;Purwokerto Barat;SMP Gunungjati 1 Purwokerto; Jl. Tentara Pelajar No. 17;Frita Triantari;https://www.instagram.com/smpgunungjati1prwkto/;281635468;gunungjati1smp@gmail.com;B;Hanief Sardjono;https://www.smpgunungjati1pwt.sch.id/;0;0;14;11;15;3;2;https://maps.app.goo.gl/Umf4CKTHW7eL1mkg7
91;Purwokerto Barat;SMP Negeri 4 Purwokerto ;Jalan Kertawibawa No. 575;Budi Handoyo;https://www.instagram.com/smpnegeri4purwokerto/;281635053;smp4_pwt@yahoo.co.id;A;Sulistiowati;-;65;24;38;11;24;4;1;https://maps.app.goo.gl/PfavCDDkkT7Vcp3y7
92;Purwokerto Barat;SMP Gunungjati 2 Purwokerto ;Sawangan, Purwokerto;Musrifah;https://www.instagram.com/explore/locations/1023241773/smp-gunungjati-2-purwokerto/;281636930;smpgnjt2pwt@gmail.com;B;Akahmad Asrori;https://www.smpgunungjati2.sch.id/;0;0;8;3;0;0;0;https://maps.app.goo.gl/fWeHkWDQ3wb4WrLA9
93;Purwokerto Selatan;SMP Maarif Nu 2 Purwokerto;Jl. Pancurawis;Sodikhun;-;281629023;smp_maarifnu2pwt@yahoo.co.id;C;Achmad Fauzin;-;0;0;0;3;0;0;0;https://maps.app.goo.gl/uAqjg8hFpKNbdh7T7
94;Purwokerto Selatan;SMP 3 Bahasa Putera Harapan;Jl. S. Parman Kompleks Stadion Mini Rt 04 Rw 06;Fransiskus David Ludiranto;https://www.instagram.com/puhuaschool/; 0281640940;smp.puhua@gmail.com;A;Elizabeth Setiono;-;0;0;13;5;0;0;0;https://maps.app.goo.gl/yUGrjMDpvLzAXxUG7
95;Purwokerto Selatan;SMP Islam Terpadu Harapan Bunda ;Jl.hos Notosuwiryo No.5 Teluk Purwokerto Selatan;Lukmanul Hakim;https://www.instagram.com/smpitharbund_purwokerto/;2817775456;smpitharapanbunda13@gmail.com;B;Niken Dwi Retno Sari;https://harbundpurwokerto.sch.id/;0;0;14;3;0;0;0;https://maps.app.goo.gl/QpBJtJWnr7x6BHwe8
96;Purwokerto Selatan;SMP Muhammadiyah 1 Purwokerto ;Jalan Perintis Kemerdekaan No 6 Purwokerto;Bayu Santosa;https://www.instagram.com/smpmuhammadiyah1pwt/;281637782;smpmuh1pwt@yahoo.com;A;Lukman Fauzi;https://smpmuh1pwt.sch.id/;0;0;27;8;0;0;0;https://maps.app.goo.gl/vgQiFPXG6Q6wqVEv8
97;Purwokerto Selatan;SMP Muhammadiyah 2 Purwokerto ;Jl Gerilya Barat Gang Ii, Tanjung, Pwt Selatan;Priyanto;https://www.instagram.com/smuda2pwt/;281621323;smpmuhammadiyahduapurwokerto@ymail.com;A;Melan Puji Sulistiyaningsih;https://smpmuh2pwt.sch.id/;0;0;15;2;0;0;0;https://maps.app.goo.gl/gWHBrgMBjyHkVqsdA
98;Purwokerto Selatan;SMP Negeri 5 Purwokerto;Jl. Prof. Mr. Moch. Yamin No. 867 Purwokerto;Purwanto Ali Suryanto;https://www.instagram.com/smpn5pwt/;281635025;smpn05.pwt@gmail.com;A;Fery Pebri Gianda;https://smpn5purwokerto.sch.id/;0;0;36;13;24;6;1;https://maps.app.goo.gl/wnYxnmnd8kLdmc4E8
99;Purwokerto Selatan;SMP Maarif Nu 03 Purwokerto ; Jl. Arsadimeja Teluk Rt 01 / Rw 12 Purwokerto;Moh. Januari Yanto;https://www.instagram.com/smp_manugapwt/;281626321;smp_maarifnu3pwt@yahoo.co.id;C;Agung Priyanto;-;291;10;17;5;12;2;1;https://maps.app.goo.gl/Wb2Y2v18ManZh3xz7
100;Purwokerto Selatan;SMP Telkom Purwokerto ;Jl. Di Panjaitan 128 Purwokerto;Widyatmoko;https://www.instagram.com/smp_telkom_purwokerto/?hl=id;2817771276;telkomsmp.pwt@gmail.com;A;Wahyu Pamungkas;https://smptelkom-pwt.sch.id/;0;0;29;8;0;0;0;https://maps.app.goo.gl/93DWmA1tUHsAV3RVA
101;Purwokerto Selatan;SMP Negeri 7 Purwokerto; Jl. Hos Notosuwiryo No.1;Ratmoko;https://www.instagram.com/spentupurwokerto/;635822;smpn7pwt@gmail.com;A;Nur Machsun Nofianto;-;0;0;38;11;0;0;0;https://maps.app.goo.gl/S7S8naFhv8UVQtFh8
102;Purwokerto Selatan;SMP Diponegoro 1 Purwokerto ;Jl. Karangbenda;Bambang Muharwo;https://www.instagram.com/smp_diponegoro1pwt/;281641312;smpdiponegoro1@gmail.com;B;Arif Mutiyo;-;0;0;7;2;9;2;1;https://maps.app.goo.gl/itac7Vik4YubJntJ6
103;Purwokerto Timur;SMP Negeri 1 Purwokerto;Jalan Jendral Sudirman No. 181, Purwokerto;Maryono;https://www.instagram.com/smpn1_purwokerto/;281637192;spenza_pwt@yahoo.com;A;Nanda Mersis Aji Saputra;https://smpn1pwt.sch.id/;781;24;41;10;24;3;1;https://maps.app.goo.gl/NbfnyRUK5wzKW5dM6
104;Purwokerto Timur;SMP Negeri 2 Purwokerto;Jalan Gereja 20 Purwokerto;Slamet;https://www.instagram.com/smpn2pwt_official/;281637862;smp2purwokerto@yahoo.co.id;A;Nurlinawati, S. Kom;https://www.smpn2purwokerto.sch.id/;0;0;44;12;0;0;0;https://maps.app.goo.gl/zQ7odHZzz96JZg1F6
105;Purwokerto Timur;SMP Negeri 3 Purwokerto;Jl. Gereja No.20 Purwokerto;Yuli Antoro;https://www.instagram.com/smpnegeri3purwokerto/?hl=id;281637842;smpn3pwt@ymail.com;A;Maryono;https://smpn3purwokerto.sch.id/;0;0;38;10;0;0;0;https://maps.app.goo.gl/ygvSU8yYU3C6hEix6
106;Purwokerto Timur;SMP Maarif Nu 1 Purwokerto;Jl. Dr. Soeparno 19 Purwokerto;Tarso;https://www.instagram.com/smpmanu1pwt/;281634502;maarifnusatupurwokerto@yahoo.co.id;A;Muhamad Agus Muakhir;https://smpmaarifnu1pwt.sch.id/;0;0;20;8;19;2;1;https://maps.app.goo.gl/Zz1v6QufGiKEye8i8
107;Purwokerto Timur;SMP Bruderan Purwokerto ; Jl. Jend. Gatot Subroto No 63 Purwokerto;Florentina Indiastuti;https://www.instagram.com/smpbruderanpwt/;631439;smp_bruderanpwt@yahoo.com;A;Tri Afandi;-;0;0;8;9;0;0;0;https://maps.app.goo.gl/rLdpu6djGjS1yDQV9
108;Purwokerto Timur;SMP Permata Hati; Rt 01, Rw 07, Kelurahan Mersi, Kecamatan Purwokerto Timur;Nur Aziz Asma Sangadah;https://www.instagram.com/smppermatahatipwt/;281626739;smppermatahatipurwokerto@gmail.com;C;Vaisal Ma'mun Amruloh;-;0;0;4;2;0;0;0;https://maps.app.goo.gl/ZpH7eefXe7S4sBacA
109;Purwokerto Timur;SMP Negeri 8 Purwokerto ;Jl. Kapten Piere Tendean No. 36;Suhriyanto;https://www.instagram.com/smpn_8_purwokerto/;281635359;smpn8purwokerto@yahoo.co.id;A;Wida Estikawati;https://smpn8purwokerto.sch.id/;0;0;42;14;0;0;0;https://maps.app.goo.gl/B8CcVk8d3sjp36MA8
110;Purwokerto Timur;SMP Al Irsyad Al Islamiyyah;Jl. Prof. Dr. Soeharso Purwokerto;Eko Suwardi;https://www.instagram.com/smpalirsyadpwt/; 0281638185;info@smpalirsyadpwt.sch.id;A;Wahyu Susanto;https://smpalirsyadpwt.sch.id/;812;27;42;4;30;4;1;https://maps.app.goo.gl/chq8LXiH8XtGUhzx8
111;Purwokerto Timur;SMP Negeri 6 Purwokerto ;Jl. Kesatrian No.83 Purwokerto;Dwi Cipto Setyanto;https://www.instagram.com/spensixpurwokerto_/; 0281637648;smpn.enampurwokerto@yahoo.co.id;A;Donny Aryha Nugroho;https://smpn6purwokerto.sch.id/;715;21;35;10;21;4;1;https://maps.app.goo.gl/5th68g6i48FTNG2f7
112;Purwokerto Timur;SMP Kristen 1 Purwokerto ;Jl. Jend. Gatot Subroto 91 Purwokerto;Herman Yoseph Dadiyana;https://www.instagram.com/smp_krisa/;281637367;smp_kristen1pwt@yahoo.co.id;A;Elisabeth Indah Sari Widyaningrum;https://kristensatupwt.sch.id/smp-kristen-1/;0;0;8;2;0;0;0;https://maps.app.goo.gl/xdLZZnaxS65XrC1i9
113;Purwokerto Timur;SMP Susteran Purwokerto ; Jln. Jendral Gatot Subroto 44 Purwokerto;Shinta Andrijani Winarningrum;https://www.instagram.com/smpsusteranpurwokerto/?hl=id;281637535;smpsusteranpurwokerto@gmail.com;A;Valentino Surya Adi Nugraha;-;0;0;19;6;0;0;0;https://maps.app.goo.gl/LvzXDnFM1vF8Tg3W8
114;Purwokerto Utara;SMP Muhammadiyah 3 Purwokerto;Jl. Dr. Angka No. 79 Purwokerto;Sugeng;https://www.instagram.com/smpmugakerto/;281638773;smpmuhammadiyah3pwt@yahoo.com;A;Adi Priyo;-;0;0;14;5;0;0;0;https://maps.app.goo.gl/QTwtNVPXBKv9gusX9
115;Purwokerto Utara;SMP Negeri 9 Purwokerto; Jl. Jatisari No. 25;Herry Nuryanto Widodo;https://www.instagram.com/smpn9purwokerto/;281631009;smp9pwt@yahoo.co.id;A;Vidatha Srirespati;https://smpn9purwokerto.sch.id/;829;24;39;13;27;5;1;https://maps.app.goo.gl/hb4SaTeNNtUwaLXA7
116;Rawalo;SMP Muhammadiyah Rawalo; Jl. Brigjend H.m. Bachrun;Achmad Rosadi;https://www.instagram.com/esempe.muhamra/;2816848136;muhammadiyahrawalosmp@gmail.com;A;Saripin;-;0;0;11;4;0;0;0;https://maps.app.goo.gl/THoUPX3tP3mHwsdd7
117;Rawalo;SMP Negeri 1 Rawalo;Jl. Jenderal Sudirman No. 2 Menganti;Sri Mardiani Wahyutiningsih;https://www.instagram.com/smpn1rawalo/;2816848138;smp1rawalo@yahoo.co.id;A;Karsono;-;0;0;36;14;0;0;0;https://maps.app.goo.gl/36WcNJMhKB4BJ5TU7
118;Rawalo;SMP Negeri 2 Rawalo;Sidamulih Rawalo;Dodik Heksa Juliarso;https://www.facebook.com/groups/159324613263/;-;smpnduarawalo@gmail.com;A;Sugeng Riyad;https://www.smpn2rawalo.sch.id/;446;13;20;10;12;2;1;https://maps.app.goo.gl/9edPtXiAiNtWbmsV8
119;Rawalo;SMP Islam Al Falah Rawalo ;Jl. Hm. Bachroen No.35;Nasirun;https://www.instagram.com/smpislamalfalahrawalo/;2815705040;smpislamalfalahrawalo@gmail.com;C;Muhamad Muatok;https://smpislamalfalahrawalo.sch.id/;0;0;8;4;0;0;0;https://maps.app.goo.gl/SaKFphvHyBYvL5J89
120;Rawalo;SMP Diponegoro 8 Rawalo;Jl. Raya Tambaknegara-rawalo-banyumas 53173;Lulu Kurnianingsih;https://www.facebook.com/p/SMP-Diponegoro-8-Rawalo-100083259040836/;-;smpdipo8_rawalo@yahoo.co.id;B;Anis Maryati;-;0;0;8;3;0;0;0;https://maps.app.goo.gl/ezz3zkbcTbSXBWMx9
121;Sokaraja ;SMP Negeri 1 Sokaraja;Jl. Jend. Sudirman No. 82;Slameto;https://www.instagram.com/smpnegeri1sokaraja/?hl=id;2816441145;smpn1_sokaraja@yahoo.co.id;A;Siti Aniah;https://www.smpnegeri1sokaraja.sch.id/;0;0;36;10;0;0;0;https://maps.app.goo.gl/Mgyw2tYHMCqoeng69
122;Sokaraja ;SMP IT Mutiara Ilmu Sokaraja;Jalan Dipa Setra No. 3 Rt 04 Rw 01;Abdul Hanif;https://www.instagram.com/smp_it_mutiarailmu/?hl=id;-;smpitmutiarailmusokaraja@gmail.com;(-);Ridwan Syauqi;-;0;0;5;2;0;0;0;https://maps.app.goo.gl/n4yVSm1DZu9mmmQu7
123;Sokaraja ;SMP IT Annida Sokaraja ;Jalan Suparjo Rustam Perumahan Ketapang Indah D4 Nomor 3;Nugroho Sunu Purwanto;https://www.facebook.com/smpitannida.boardingschool.5/?locale=id_ID;2816844318;smpitannidaskj@gmail.com;C;Junaedi;-;0;0;5;2;0;0;0;-
124;Sokaraja ;SMP Muhammadiyah Sokaraja;Jl. Karangbangkang No.27 Sokaraja;Budi Wuryanto;https://www.instagram.com/smpmuhammadiyahsokaraja/;2816441010;smpmuhammadiyahsokarajas@gmail.com;A;Muhammad Fahmi Muqoddas;https://www.smpmuhammadiyahsokaraja.sch.id/;0;14;21;5;14;1;1;https://maps.app.goo.gl/xmjVTE5ho4k4PP4i6
125;Sokaraja ;SMP Negeri 3 Sokaraja ;Jalan Brawijaya;Erna Puji Rahayu;https://www.facebook.com/smpn3skrj/?locale=id_ID; 02816445014;smpnegeritigasokarajaspentry@yahoo.com;A;Fajar Prihastoro;https://smpn3sokaraja.sch.id/;0;0;29;12;0;0;0;https://maps.app.goo.gl/R2LmKdate9okxXNr8
126;Sokaraja ;SMP Persada Insan Nusantara ;Jl. Letjend. Suparjo Rustam;(-);https://www.instagram.com/smp_perantara17/;6,28554E+12;admin-smp-perantara@gmail.com;B;Aciyani Putri Pamungkas;https://smp-perantara.sch.id/;0;0;6;3;0;0;0;https://maps.app.goo.gl/uEc4WbPVaJrRbEyV9
127;Sokaraja ;SMP Top Kids Islamic School ;Rt 002 Rw 005;Ni'matul Khasanah;https://www.instagram.com/smp.topkids/;-;;(-);Muhammad Najmi Fadhil;-;0;0;5;1;0;0;0;https://maps.app.goo.gl/WxbaWgij91EHcRyk7
128;Sokaraja ;SMP Negeri 2 Sokaraja ;Jl. Letjend. Soepardjo Roestam No. 168 Sokaraja;Tri Agus Hariyatno;https://www.instagram.com/smpn2sokaraja/; 02816441033;smpn2skj.banyumas@gmail.com;A;Sodirin;https://smpn2skj.sch.id/;913;27;43;14;27;3;2;https://maps.app.goo.gl/kKt34EfREzjsf1JP7
129;Somagede ;SMP Pgri 1 Somagede;Jl. Raya Somagede;Tekun Wardojo;https://www.facebook.com/groups/smppgri1somagede/?locale=id_ID;2816445840;smppgri1somagede@gmail.com;C;Dita Noor Fitriani, S. Si;-;0;0;7;1;0;0;0;https://maps.app.goo.gl/FQpEY7QYMs6XXxMy7
130;Somagede ;SMP Negeri 2 Somagede;Jl. Tanggeran;Mistina Hidayati;https://www.instagram.com/smpnegeri2somagede/;-;smpn2somagede@ymail.com;A;Koris Safitri;-;0;0;19;10;12;1;2;https://maps.app.goo.gl/D1jgdSZjsYkrcWhKA
131;Somagede ;SMP Pgri 2 Somagede;Jl. Pramuka No.2;Warto;https://www.instagram.com/speduso/;-;smppgrisomagede@gmail.com;B;Destrio Kartika;-;0;0;8;4;0;0;0;https://maps.app.goo.gl/AfAZi7ZAx9sL992M9
132;Somagede ;SMP Negeri 1 Somagede;Jalan Raya Somagede;M. Tejowibowo;https://www.instagram.com/smpn01somagede/;2816445788;smpn1somagede@ymail.com;A;Purnomo Sigit;https://smpn1somagede.sch.id/;617;19;27;14;19;3;1;https://maps.app.goo.gl/6P2xcAa81r9AYpVL6
133;Sumbang;SMP Muhammadiyah Sumbang; Jl. Raya Karangcegak;Imam Sugiri;https://www.facebook.com/smpmuhsumbang/?locale=id_ID; 02816445628;smpmuhammadiyahsumbang@gmail.com;A;Janan Abdul Ghoni;-;0;0;17;9;0;0;0;https://maps.app.goo.gl/vBVVwWhu69PSje1g6
134;Sumbang;SMP Negeri 4 Sumbang;Desa Susukan;Erlin Nurhayati;https://www.facebook.com/groups/393589750734046/;2818903462; smpnsumbang4@gmail.com;B;Usman Sugiarto;-;0;9;15;7;8;1;1;https://maps.app.goo.gl/mc6Pjrp6NoAk4qgz5
135;Sumbang;SMP Negeri 3 Sumbang;Jln. Raya Baturaden Timur Rt. 3 Rw. 2;Mulyadi;https://www.instagram.com/smpn3sumbang/;(-);smp3sumbang.spega@gmail.com;A;Ahmad Sjuhada;-;0;0;26;7;0;0;0;https://maps.app.goo.gl/ZLRnkcSasU9kZw2o7
136;Sumbang;SMP Negeri 2 Sumbang;Jl. Raya Banteran Sumbang;Sujoto;https://www.instagram.com/smpnegeri2sumbang/;2816445676;smpnsumbang2@gmail.com;A;Sufian Enggar Cekas;https://smpnegeri2sumbang.sch.id/;0;0;24;6;0;0;0;https://maps.app.goo.gl/dF5fcj4HF7Z9jksg6
137;Sumbang;SMP PGRI Sumbang;Jalan Raya Sumbang Karangcegak Kec. Sumbang Kab. Banyumas Jawa Tengah;Sugiarto;https://www.instagram.com/smp_pgri_sumbang/;(-);smppgrisumbang@gmail.com;B;Risam;-;0;0;6;4;0;0;0;https://maps.app.goo.gl/VQwnsvrnMvvYSaMY9
138;Sumbang;SMP Negeri 1 Sumbang;Jl. Raya Sumbang;Agus Setiadi;https://www.instagram.com/onespenzoeku/;2816445174;smpnegeri1sumbang@gmail.com;A;Ngilman Safudin;-;718;21;30;12;21;3;2;https://maps.app.goo.gl/zL87627oYPXhEZra9
139;Sumpiuh ;SMP Negeri 1 Sumpiuh;Jl.raya Timur Sumpiuh 53195 Banyumas;Sudrajat Dwi Prihanto;https://www.instagram.com/spensa_sumpiuh/;282497585;smp1sumpiuh@yahoo.com;A;Dartun Eko Km;-;0;0;39;11;0;0;0;https://maps.app.goo.gl/x6QfYFjCeihyZt127
140;Sumpiuh ;SMP Negeri 2 Sumpiuh;Jalan Giritomo;Djoko Wiryono;https://www.instagram.com/espero_sumpiuh/?hl=id;282497680;smpnegeri2sumpiuh@yahoo.co.id;A;Fitriana Wulandari;-;0;0;36;11;13;1;0;https://maps.app.goo.gl/phk1xb2A67YgjHvW8
141;Sumpiuh ;SMP Nurul Iman Sumpiuh ;;Ahmad Ihsanul Umam;https://www.instagram.com/smpitnuruliman/;;;(-);Khadiqul Fahmi;-;0;0;11;1;0;0;0;https://maps.app.goo.gl/3rjncmEgD8Zg1G8r6
142;Sumpiuh ;SMP Purnama Sumpiuh ;Sumpiuh;Suyono;https://m.facebook.com/308070426002702/;(-); smppurnamas@gmail.com;B;Singgih Tresna Ningsih;-;0;0;5;4;0;0;0;https://maps.app.goo.gl/tjFd5sLTCk6daGpJ8
143;Sumpiuh ;SMP Giripuro Sumpiuh ; Jl.giritomo 15 Sumpiuh;Istji Agustini Widodowati;https://www.facebook.com/smp.g.sumpiuh/;282497942;smpgiripuro@yahoo.co.id;A;Paryanto;-;0;0;13;7;10;2;1;https://maps.app.goo.gl/JQCQrTvw8ViCYvqT8
144;Sumpiuh ;SMP Muhammadiyah Sumpiuh ;Jl. Raya Barat No. 14 Sumpiuh;Faizal Ahmad;https://www.instagram.com/smpmuh_sph/;282497822;smpmuh_sph@yahoo.co.id;B;Riski Linda Yuliani;-;0;0;8;3;0;0;0;https://maps.app.goo.gl/G1qMumtpBohdeJ8VA
145;Wangon ;SMP Pgri Wangon;Jl. Raya Selatan No. 50 Wangon;Imam Hidayat;https://www.instagram.com/esperiwangon/?hl=id;2817620806;smppgriwangon.tu@gmail.com;A;Herman Supriyadi;https://www.smppgriwangon.sch.id/;366;12;15;10;17;2;1;https://maps.app.goo.gl/neERpxu7XdXCDv599
146;Wangon ;SMP Negeri 3 Wangon ;Jl Planjan Wangon;Saimun;https://www.instagram.com/smpn3wangon/;-;smpn3_wangon@yahoo.co.id;C;Purwanto;-;0;0;8;4;0;0;0;https://maps.app.goo.gl/tEPRSvVXxNWta7CR6
147;Wangon ;SMP Muhammadiyah 1 Wangon;Jalan Raya Utara Wangon;Suwarni;https://www.instagram.com/smpmutuwangon/;2816849131; smpm1wgn@gmail.com;B;Kusmini;https://www.smpmuhwangon.sch.id/;0;0;14;5;10;1;1;https://maps.app.goo.gl/HFq15ihtVL5L5yZ46
148;Wangon ;SMP Negeri 1 Wangon; Jln. Raya Utara No. 106 Wangon;Ngatminah;https://www.instagram.com/smpn1wangon/;281513017;smpn1_wangon@yahoo.co.id;A;Slamet Subandi;https://smpn1wangon.sch.id/;0;0;40;10;0;0;0;https://maps.app.goo.gl/v7ygJk7HjHtzmhe97
149;Wangon ;SMP Negeri 2 Wangon;Jl.raya Barat No.1112 Wangon;Sutarjo;-;281513008;admin@smpn2wangon.sch.id;A;Budi Septo Utomo, S,kom;-;720;21;43;9;19;2;1;https://maps.app.goo.gl/c3acWXYoEQMLjpvD6
150;Wangon ;SMP Diponegoro 5 Wangon ;Jl. Lapangan Klapagading Kulon Wangon;Hanggoro Prasetyo;-;2816849143;dipo5wangon@yahoo.co.id;A;Rohmatun Yuliani;https://smpdipo5wangon.sch.id/;235;9;14;11;17;3;1;https://maps.app.goo.gl/WJpJgXnAykURtSm88
;;;;;;;;;;;;;;;;;;
;;;;;;;;;;;;;;;;;;
