No;Kecamatan;Nama Sekolah;Alamat;Kepala Sekolah;Media Sosial;Nomor Telepon;Email;NPSN;Akreditasi;Jumlah Siswa;Guru;Pendidik;Kelas;Lab;Perpus;Gmaps
1;Wangon;SD NEGERI 1 WANGON;Jalan Raya Timur Wangon WANGON Kec. Wangon Kab. Banyumas Jawa Tengah;Tohari;(-);281513221;sdn_1wangon@yahoo.com;20301514;A;383;14;1;0;0;0;https://maps.app.goo.gl/eZXYLREtBShYHg4G7
2;Wangon;SD NEGERI 2 WANGON;Jalan Raya Barat Wangon Wangon Kec. Wangon Kab. Banyumas Jawa Tengah;Endah Widiastuti;(-);281513152;sdn2wangon@gmail.com;20301630;A;237;12;3;0;0;0;https://maps.app.goo.gl/hyycQqS5NK3QnhsZ9
3;Wangon;SD NEGERI 3 WANGON;Wangon Rt. 01 Rw. 02 Wangon Kec. Wangon Kab. Banyumas Jawa Tengah;Akhmad Sururi;(-);(-);sdnwangon3@gmail.com;20301616;A;142;8;1;0;0;0;https://maps.app.goo.gl/sC85TNdi1FViLcaAA
4;Wangon;SD NEGERI 4 WANGON;Jl. Raya Barat Wangon WANGON Kec. Wangon Kab. Banyumas Jawa Tengah;Sugiyono;(-);(-);sdn4wangon17@gmail.com;20301675;A;99;8;2;6;0;1;https://maps.app.goo.gl/8uBFsEPJqUz3vLbQ8
5;Wangon;SD NEGERI 5 WANGON;Jalan Slatri Rt. 03 Rw. 016 Wangon Kec. Wangon Kab. Banyumas Jawa Tengah;Siti Markhamah;(-);(-);sdn5wangon@yahoo.com;20301675;A;101;8;3;6;0;1;https://maps.app.goo.gl/SPxRUNYD4ma8URWM8
6;Wangon;SD IT Insan Harapan Wangon;Jln. Ranjingan RT 05 RW 08 Klapagading Kec. Wangon Kab. Banyumas Jawa Tengah;Elantri Nuralfian;https://www.instagram.com/sdit_insanharapan_wangon/;(-);(-);70004315;B;162;10;3;6;0;1;https://maps.app.goo.gl/m2VsXcZeWdKEpeEZ6
7;Wangon;SDN 1 Banteran;Jalan Raya Utara Wangon - Ajibarang No 45 Banteran Kec. Wangon Kab. Banyumas Jawa Tengah;Agus Rudito;https://www.instagram.com/sdn.banteran1/;2816849152;sdn1banteran.wangon@gmail.com;20355414;A;126;7;2;6;0;1;https://maps.app.goo.gl/kdm3YRaPVnNMxdENA
8;Wangon;SD NEGERI 1 JAMBU;Jl. Raya Utara Wangon Jambu Kec. Wangon Kab. Banyumas Jawa Tengah;Sumar;https://www.instagram.com/sdn1jambu/;(-);sdn1jambuwangon@gmail.com;20302369;A;160;7;1;0;0;0;https://maps.app.goo.gl/DTAiAGTrN2UzqM6t7
9;Wangon;SD NEGERI 1 RANCABANTENG;Jl. Raya Timur Wangon Klapagading Kulon Kec. Wangon Kab. Banyumas Jawa Tengah;(-);https://www.instagram.com/km2_sdn1rancabanteng/;281513337;sdn1rancabanteng@gmail.com;20302834;B;73;8;2;0;0;0;https://maps.app.goo.gl/CQ6oNCZvf3y1M9299
10;Wangon;SD NEGERI 2 JAMBU;Jl. Raya Ajibarang-Wangon Jambu Kec. Wangon Kab. Banyumas Jawa Tengah;Susi Lindiati;(-);(-);sdnegeri2jambu@gmail.com;20302538;A;62;8;2;0;0;0;https://maps.app.goo.gl/am58qAsaQM9vu8kLA
11;Wangon;SD NEGERI 2 RANCABANTENG;Jalan Raya Timur Klapagading Kulon Wangon Klapagading Kulon Kec. Wangon Kab. Banyumas Jawa Tengah;Kuswati;(-);281513071;(-);20301756;A;147;8;2;0;0;0;https://maps.app.goo.gl/7RhkaXEcSZH4fP4RA
12;Wangon;SD NEGERI 2 RAWAHENG;Jalan Raya Wangon Cilacap RAWAHENG Kec. Wangon Kab. Banyumas Jawa Tengah;Musti Hayati;https://www.instagram.com/sdn2rawaheng/;(-);rawahenggembrong@gmail.com;20301761;A;202;8;2;0;0;0;https://maps.app.goo.gl/EHidoqXivoQrJ5NE6
13;Wangon;SD NEGERI KARANGTAWANG;Karangtawang, Banteran Rt 01 Rw 03 Banteran Kec. Wangon Kab. Banyumas Jawa Tengah;Diyana;(-);(-);sdnkarangtawang.wangon@gmail.com;20338197;A;102;8;3;6;0;1;
14;Wangon;SDN 2 Karangtengah;Karangtengah RT 04 RW 08 Jambu Kec. Wangon Kab. Banyumas Jawa Tengah;Titie Handayani;(-);(-);sdn2karangtengah_wangon@yahoo.co.id;20302663;A;114;7;3;0;0;0;https://maps.app.goo.gl/XGPX7EBhapCBtLZz8
15;Wangon;SD NEGERI 2 CIARUS;Ciarus Randegan Kec. Wangon Kab. Banyumas Jawa Tengah;Kusdiyanto;https://www.instagram.com/sdenda_ciarus/;(-);sdnciarus02@gmail.com;20302600;A;187;7;2;0;0;0;
16;Wangon;SD NEGERI 1 BOJONG;Bojong Klapagading Kulon Kec. Wangon Kab. Banyumas Jawa Tengah;Edi Sugiyanto;https://www.instagram.com/sdnbojong.1/;(-);sdnegeribojong01@gmail.com;20302331;A;95;8;4;0;0;0;https://maps.app.goo.gl/nSJjmwwkKS1m57QW9
17;Wangon;SD NEGERI 1 CIARUS;Ciarus Rt 6 Rw 5 Randegan Kec. Wangon Kab. Banyumas Jawa Tengah;Sulimah;(-);(-);sdnegeri1ciarus@gmail.com;20302337;A;142;5;3;6;0;1;https://maps.app.goo.gl/UT2umCnMNo1SYbT67
18;Wangon;SD NEGERI 1 CIKAKAK;Jalan KB Rt 2 Rw 1 Cikakak Kec. Wangon Kab. Banyumas Jawa Tengah;Marsono;(-);(-);sdnegeri1cikakak@gmail.com;20302322;B;62;6;2;6;0;0;https://maps.app.goo.gl/PzF9zqqLCSzVZEmQ9
19;Wangon;SD NEGERI 1 JURANGBAHAS;Rt 04 Rw 01 Jurangbahas Kec. Wangon Kab. Banyumas Jawa Tengah;Timbul;https://www.instagram.com/sdn1jurangbahas/;(-);(-);20302291;A;96;7;2;6;1;1;https://maps.app.goo.gl/j6ZQjwFynYaXVwpN7
20;Wangon;SD NEGERI 1 KLAPAGADING;Klapagading KLAPAGADING Kec. Wangon Kab. Banyumas Jawa Tengah;Kidar, S,pd;https://www.instagram.com/sdngadingsatu/;2816849269;sdngading1@gmail.com;20302787;A;184;8;2;0;0;0;https://maps.app.goo.gl/xx6zmEumzmtdy8yR7
21;Wangon;SD NEGERI 1 PENGADEGAN;Pengadegan Rt 01 Rw 05 Pangadegan Kec. Wangon Kab. Banyumas Jawa Tengah;Sri Hartono;(-);(-);sdnegeripengadegan1@gmail.com;20302733;B;243;12;2;12;0;1;https://maps.app.goo.gl/Ghox4p3LA7yyzqau5
22;Wangon;SD NEGERI 1 RANDEGAN;Jl. Raya Desa Randegan Randegan Kec. Wangon Kab. Banyumas Jawa Tengah;Suwardi;https://www.instagram.com/sdn1randegan/;(-);sdrandegansatu@gmail.com;20302836;A;136;4;4;0;0;0;https://maps.app.goo.gl/PcXWKejo4ufRJfN99
23;Wangon;SD NEGERI 1 RAWAHENG;Rawaheng Rawaheng Kec. Wangon Kab. Banyumas Jawa Tengah;Endang Turningsih;https://www.instagram.com/sdn1rawaheng/;(-);sdn1rawaheng@yahoo.co.id;20302839;A;190;9;2;8;0;1;https://maps.app.goo.gl/ujPsAAuhDmgRsvea9
24;Wangon;SD NEGERI 1 WINDUNEGARA;Windunegara Rt 04/01 Windunegara Kec. Wangon Kab. Banyumas Jawa Tengah;Suwarni;(-);62816849471;sdnsatuwindunegara@gmail.com;20302827;B;81;5;2;6;0;1;https://maps.app.goo.gl/V1nc8PaMCSCWd1px7
25;Wangon;SD NEGERI 1 WLAHAR;Wlahar Rt 03/04 wlahar Kec. Wangon Kab. Banyumas Jawa Tengah;Florentina Suyanti;https://www.instagram.com/sdnwlahar1/;(-);sdn1_wlahar@yahoo.com;20302828;A;113;6;1;6;0;1;https://maps.app.goo.gl/oHLm3zTNm5ZvL5ua8
26;Wangon;SD NEGERI 2 BANTERAN;Jalan Balai Desa Banteran Rt 1 Rw 1 Banteran Kec. Wangon Kab. Banyumas Jawa Tengah;Anisa Purwaningsih;(-);(-);sdn2banteran@rocketmail.com;20302595;B;91;7;2;6;0;0;https://maps.app.goo.gl/Azr3QLBhym1MFA357
27;Wangon;SD NEGERI 2 BOJONG;Jalan Bojong Klapagading Kulon Kec. Wangon Kab. Banyumas Jawa Tengah;Sukaryanti;https://www.instagram.com/sdn2bojong/;(-);sdnegeri2bojong@yahoo.com;20302585;A;155;6;3;0;0;0;https://maps.app.goo.gl/MBY51Fb58FjQV2Ry9
28;Wangon;SD NEGERI 2 CIKAKAK;Jalan Masjid Saka Tunggal Cikakak Kec. Wangon Kab. Banyumas Jawa Tengah;Sri Kusmiati;(-);(-);sdn2cikakak1234@gmail.com;20302616;A;125;6;3;0;0;0;https://maps.app.goo.gl/BRyHexS1vj3yFW2Z7
29;Wangon;SD NEGERI 2 JURANGBAHAS;Jurangbahas Rt 3 Rw 2 Jurangbahas Kec. Wangon Kab. Banyumas Jawa Tengah;Timbul;(-);(-);sdn02jurangbahas@gmail.com;20302543;A;97;6;1;6;0;0;https://maps.app.goo.gl/EFAUV1LiXttz3Uqc6
30;Wangon;SD NEGERI 2 KLAPAGADING;Klapagding Rt. 04 Rw. 8 Klapagading Kec. Wangon Kab. Banyumas Jawa Tengah;Watini;(-);281513026;(-);20302621;B;102;5;1;6;0;0;https://maps.app.goo.gl/1rmjKfQHFnvzVcmk6
31;Wangon;SD NEGERI 2 PENGADEGAN;Pengadegan Pengadegan Kec. Wangon Kab. Banyumas Jawa Tengah;Nuning Indriyati;(-);(-);sdnpengadegan2@gmail.com;20301739;B;95;7;3;0;0;0;
32;Wangon;SD NEGERI 2 RANDEGAN;Rt 4 Rw 2 Randegan Kec. Wangon Kab. Banyumas Jawa Tengah;Susilowati;(-);(-);sdn2randegan@gmail.com;20301758;A;121;6;1;6;0;1;https://maps.app.goo.gl/dDuGRr7TFWF2B5zj8
33;Wangon;SD NEGERI 2 WINDUNEGARA;Windunegara WINDUNEGARA Kec. Wangon Kab. Banyumas Jawa Tengah;Sri Budiyati;(-);6849650;sdn2windunegara@gmail.com;20301709;A;91;7;2;0;0;0;https://maps.app.goo.gl/a1z96gC5qdFEeMzR6
34;Wangon;SD NEGERI 2 WLAHAR;Planjan Rt 02 Rw 09 Cikakak Kec. Wangon Kab. Banyumas Jawa Tengah;Purwito Setyo Wibowo;(-);(-);sdnegeri3cikakak@gmail.com;20301828;A;138;6;2;6;0;1;https://maps.app.goo.gl/2d3XMNx8zZsiXJHX7
35;Wangon;SD NEGERI 3 CIKAKAK;Rt 02 / Rw 04 JAMBU Kec. Wangon Kab. Banyumas Jawa Tengah;Sumaryanto;https://www.instagram.com/sdn_cikakak03/;(-);sdn3jambu@gmail.com;20338194;A;145;6;2;0;0;0;https://maps.app.goo.gl/ygQRgcjUPtcEbHNv5
36;Wangon;SD NEGERI 3 KLAPAGADING;Klapagading Klapagading Kec. Wangon Kab. Banyumas Jawa Tengah;Kuswati;(-);(-);sdnegeri_tigaklapagading@yahoo.com;20301796;A;124;6;2;0;0;0;https://maps.app.goo.gl/aLwEDyEh8fdp5Wmq8
37;Wangon;SD NEGERI 3 PENGADEGAN;Pengadegan Pangadegan Kec. Wangon Kab. Banyumas Jawa Tengah;Suroto;https://www.instagram.com/sdnpengadegan03/;(-);sdn3pengadeganupkwangon@gmail.com;20301573;A;147;7;3;0;0;0;
38;Wangon;SD NEGERI 3 RANCABANTENG;Jalan Citomo Klapagading Klapagading Kec. Wangon Kab. Banyumas Jawa Tengah;Tuti Marheni;https://www.instagram.com/sdnegerirancabentang3/;(-);gendis.wulan21@gmail.com;20301590;A;193;8;2;5;0;1;https://maps.app.goo.gl/64Qg7g8AESeTy6AW9
39;Wangon;SD NEGERI 3 RAWAHENG;Rawaheng Rt 3 Rw 5 Rawaheng Kec. Wangon Kab. Banyumas Jawa Tengah;Partisah;(-);(-);sdnegeri3rawaheng@yahoo.co.id;20301591;A;155;7;2;0;0;0;https://maps.app.goo.gl/wbZK1RPy95osfrVe9
40;Wangon;SD NEGERI KALIPETUNG;Jl. Ke Ranjingan No. 01, Kalipetung Klapagading Kec. Wangon Kab. Banyumas Jawa Tengah;Sri Lestari;(-);(-);sdn_kalipetung@yahoo.com;20302065;B;106;7;1;0;0;0;https://maps.app.goo.gl/FZPATKUhxRb1nmAu7
41;Wangon;SD NEGERI PEKODOKAN;Pekodokan Rt 02/06 wlahar Kec. Wangon Kab. Banyumas Jawa Tengah;Triyatno;(-);(-);pekodokanwlahar25@gmail.com;20302040;A;182;8;1;0;0;0;https://maps.app.goo.gl/fa3T3uBQeV7V4nMr5
42;Wangon;SD NEGERI RANJINGAN;Rt 03 Rw 09 Ranjingan KLAPAGADING KULON Kec. Wangon Kab. Banyumas Jawa Tengah;Suprihati;https://www.instagram.com/sdnranjinganwangon_/;2815700097;sdnegeriranjingan@gmail.com;20302838;A;262;13;3;10;0;1;https://maps.app.goo.gl/6yUjNBUtCyok4M5Z6
43;Wangon;SDN 1 Karangtengah;Jalan Karangtengah Jambu Jambu Kec. Wangon Kab. Banyumas Jawa Tengah;Titie Handayani;(-);(-);sdn1karangtengahwgn@gmail.com;20355419;A;73;7;2;0;0;0;https://maps.app.goo.gl/2ux9b5KhwJ2FiX3r9
44;Wangon;SDN 3 BANTERAN;Banteran Banteran Kec. Wangon Kab. Banyumas Jawa Tengah;Jakam;(-);(-);sdntigabanteranwangon@gmail.com;20301825;B;167;8;2;0;0;0;https://maps.app.goo.gl/X5i8wsCz1VVQvo2WA
45;Wangon;SDN 4 PENGADEGAN;Pengadegan Rt 2 Rw 8 Pengadegan Kec. Wangon Kab. Banyumas Jawa Tengah;Nasiatun;(-);(-);(-);20301608;A;139;6;2;6;0;0;
46;Wangon;SD NEGERI 3 JAMBU;Rt 02 / Rw 04 JAMBU Kec. Wangon Kab. Banyumas Jawa Tengah;Sumaryanto;(-);(-);sdn3jambu@gmail.com;20338194;A;123;7;3;6;0;1;https://maps.app.goo.gl/zu8sDVHHJi6CRmRV9
47;Sokaraja;SD NEGERI 1 SOKARAJA TENGAH;Jl. Munthuk No. 5 Sokaraja Tengah Kec. Sokaraja Kab. Banyumas Jawa Tengah;Ari Utomo;(-);(-);sdn1sokarajatengah@yahoo.co.id;20302859;A;156;8;2;0;0;0;https://maps.app.goo.gl/aSwo6vWCzm27yvRR7
48;Sokaraja;SDN 1 SOKARAJA WETAN;Jl. Jend. Suprapto No. 29 Sokaraja Sokaraja Wetan Kec. Sokaraja Kab. Banyumas Jawa Tengah;Suryati;https://www.instagram.com/sdn1_sokarajawetan/;2816442168;sdn1sokarajawetanbanyumas@gmail.com;20302860;A;271;14;3;16;0;1;https://maps.app.goo.gl/NCYCAoAACLNRa97D9
49;Sokaraja;SD NU MASTER SOKARAJA;Jl.Krida Mandala Sokaraja Tengah Kec. Sokaraja Kab. Banyumas Jawa Tengah;Dani Sistriani;https://www.instagram.com/sdnumaster/;441161;sdnumaster@gmail.com;69964078;A;405;30;3;0;0;0;https://maps.app.goo.gl/594cu3s4mdGxKb1i6
50;Sokaraja;SDN 2 SOKARAJA TENGAH;Jl. Krida Mandala No. 17 SOKARAJA TENGAH Kec. Sokaraja Kab. Banyumas Jawa Tengah;Mujiyatno;https://www.instagram.com/jatengah2/;2816441174;sdn2_jatengah@yahoo.co.id;20302161;A;333;15;3;12;2;1;https://maps.app.goo.gl/dU7jrSAZb4L56w6t5
51;Sokaraja;SD IT ANNIDA SOKARAJA;Jl. Supardjo Rustam Perum Ketapang Indah Blok D-IV Sokaraja Kulon Kec. Sokaraja Kab. Banyumas Jawa Tengah;Sony Pamela;https://www.instagram.com/sdit_annidasokaraja/;6844317;sditannidaskj@gmail.com;20341614;B;119;9;5;0;0;0;https://maps.app.goo.gl/WrphZ1oo8xiNc9Ap6
52;Sokaraja;SD KRISTEN SOKARAJA;Jl. Budi Utomo No. 46 / V Sokaraja Kidul Kec. Sokaraja Kab. Banyumas Jawa Tengah;Nur Sabatwati;(-);2816440942;sdksokaraja@gmail.com;20338298;A;89;8;4;0;0;0;https://maps.app.goo.gl/eC1dEbmEnXiyMEUk9
53;Sokaraja;SD NEGERI SOKARAJA LOR;Jl. Pramuka SOKARAJA LOR Kec. Sokaraja Kab. Banyumas Jawa Tengah;Sutarjo;https://www.instagram.com/sdnjalor/;2816442285;sdjalor_skj@yahoo.co.id;20302160;A;180;8;2;0;0;0;https://maps.app.goo.gl/xbj3Vz2U2N7HRcrP6
54;Sokaraja;SDN 1 SOKARAJA KULON;Jl. Kertadirjan SOKARAJA KULON Kec. Sokaraja Kab. Banyumas Jawa Tengah;Suwaryo;https://www.instagram.com/sdn1jakulon/;2816440907;sdnsokarajakulon@gmail.com;20302858;A;189;8;2;0;0;0;https://maps.app.goo.gl/D8SPyscwHS9TVhaj7
55;Sokaraja;SDN 2 SOKARAJA KULON;Jl. Pramuka No. 667 Sokaraja Kulon Kec. Sokaraja Kab. Banyumas Jawa Tengah;Sri Mujiati;(-);2816844917;sdnduasokarajakulon@yahoo.com;20301699;A;311;14;4;14;1;1;https://maps.app.goo.gl/SxLPeAnSP2K9VDrS9
56;Sokaraja;SDN 2 SOKARAJA WETAN;Jl. Achmad Khujeri SOKARAJA WETAN Kec. Sokaraja Kab. Banyumas Jawa Tengah;Suratman;(-);(-);sdn2skjwetan@yahoo.co.id;20301700;B;124;8;2;0;0;0;https://maps.app.goo.gl/jRajc63i5QfspYC58
57;Sokaraja;SDN 3 SOKARAJA KULON;Jl. Pramuka No. 667 SOKARAJA KULON Kec. Sokaraja Kab. Banyumas Jawa Tengah;Nandar;(-);(-);sdn3sokarajakulon@gmail.com;20301581;B;70;7;2;6;0;1;https://maps.app.goo.gl/xkyu9XqWZHZZJKAH7
58;Sokaraja;SDN 4 SOKARAJA KULON;Jl. Soeparjo Roestam No.7 SOKARAJA KULON Kec. Sokaraja Kab. Banyumas Jawa Tengah;Suliyati;(-);(-);sdn4skjkulon@gmail.com;20301645;B;;;;;;;https://maps.app.goo.gl/jjj4ZN9TYvpnAAyz8
59;Sokaraja;SDN SOKARAJA KIDUL;Jl. Nakula No. 55 SOKARAJA KIDUL Kec. Sokaraja Kab. Banyumas Jawa Tengah;Sucemi;(-);2817638314;sdnegerisokarajakidul@gmail.com;20302159;A;237;15;2;0;0;0;https://maps.app.goo.gl/Sfg8yRuGSGbnnoZF8
60;Sokaraja;SD IT TOP KIDS;Jl.Krida Mandala Sokaraja Tengah Kec. Sokaraja Kab. Banyumas Jawa Tengah;Farizal Rahman Saleh;https://www.instagram.com/sdittopkids_sokaraja/;2816440971;sdittopkidssokaraja@gmail.com;20362553;B;184;7;2;0;0;0;https://maps.app.goo.gl/JtDjgZcD5GFMK2EU7
61;Sokaraja;SD AL- FALAH BANJARSARI KIDUL SOKARAJA;Jln. Letnan Jenderal Soeprapto Banjarsari Kidul Kec. Sokaraja Kab. Banyumas Jawa Tengah;Ngizudin Abdussalam;https://www.instagram.com/sdalfalahsokaraja/;(-);(-);69988516;(-);84;5;2;0;0;0;
62;Sokaraja;SD N 1 PAMIJEN;Jl.Diponegoro no.63 Pamijen Sokaraja Pamijen Kec. Sokaraja Kab. Banyumas Jawa Tengah;Pujiono;(-);2816844013;sdnsatupamijen@yahoo.com;20302712;B;116;7;3;0;0;0;https://maps.app.goo.gl/KpSGsRENNXuU636bA
63;Sokaraja;SD N LEMBERANG;Jl. Brawijaya BANJARANYAR Kec. Sokaraja Kab. Banyumas Jawa Tengah;Murhayati;(-);(-);sd.lemberang@gmail.com;20302024;B;180;10;2;7;0;1;https://maps.app.goo.gl/7t7TuoXzBkqaMGTu5
64;Sokaraja;SD N 1 BANJARANYAR;Jl. Brawijaya BANJARANYAR Kec. Sokaraja Kab. Banyumas Jawa Tengah;Admini;https://www.instagram.com/sdn_1banjaranyar/;6445053;sdnegeribanjaranyar@gmail.com;20302219;A;201;9;2;0;0;0;https://maps.app.goo.gl/kd4qpEPtHwt5sMTJ7
65;Sokaraja;SD N BANJARSARI KIDUL;Banjarsari Kidul Banjarsari Kidul Kec. Sokaraja Kab. Banyumas Jawa Tengah;Sugeng;(-);2816596985;sdnbanjarsarikidul@yahoo.com;20301628;A;266;12;4;0;0;0;https://maps.app.goo.gl/duGhrUGLcyXGD2yM9
66;Sokaraja;SD NEGERI 1 KARANGDUREN;Jl. Perum Karen Indah No. 1 Karangduren Kec. Sokaraja Kab. Banyumas Jawa Tengah;Susdiyanto;(-);2816441986;(-);20302297;A;85;10;2;11;0;1;https://maps.app.goo.gl/EXCp9XJzeffDU2Ez6
67;Sokaraja;SD Negeri 1 Klahang;Jl. Balai Desa No. 1 Klahang Klahang Kec. Sokaraja Kab. Banyumas Jawa Tengah;Suryati;(-);(-);sdnsatuklahangs@yahoo.co.id;20302786;A;187;9;2;0;0;0;https://maps.app.goo.gl/arQAqB7mFMRdz5yE9
68;Sokaraja;SD NEGERI 2 BANJARANYAR;Jl. Brawijaya No. 001 RT 02 RW 05 Banjaranyar Kec. Sokaraja Kab. Banyumas Jawa Tengah;Untung Suratno;(-);(-);sdn2banjaranyar@yahoo.co.id;20302818;B;105;6;3;0;0;0;https://maps.app.goo.gl/sjKRcQ79dzX4j5eT8
69;Sokaraja;SD NEGERI 2 KLAHANG;Klahang KLAHANG Kec. Sokaraja Kab. Banyumas Jawa Tengah;Utomo Priyantoro;(-);(-);sdnklahang@ymail.com;20302704;B;147;8;2;0;0;0;https://maps.app.goo.gl/4tPFK5TEULHijpaw5
70;Sokaraja;SD NEGERI JOMPO KULON;Jl. Raya Jompo Kulon JOMPO KULON Kec. Sokaraja Kab. Banyumas Jawa Tengah;Nurhilal;(-);(-);sdjompokulon@yahoo.id;20302069;A;96;8;3;0;0;0;https://maps.app.goo.gl/Mx2UhVqwZNDxZ8sS7
71;Sokaraja;SD NEGERI KARANGRAU;Jl. Balai Desa No. 1 Karangrau Kec. Sokaraja Kab. Banyumas Jawa Tengah;Ari Utomo;https://www.instagram.com/sdnkarangrau.sokaraja/;2816846741;sdnkarangrau@yahoo.co.id;20302084;B;180;7;3;0;0;0;https://maps.app.goo.gl/shpGe2f7jPsveXZ6A
72;Sokaraja;SDIT MUTIARA ILMU;Jl. Dipa Setra No.03 RT 04 RW 01 Wiradadi Kec. Sokaraja Kab. Banyumas Jawa Tengah;Suwarto;https://www.instagram.com/sditmutiarailmusokaraja/;(-);sditmutiarailmusokaraja2014@gmail.com;69888328;A;337;13;2;0;0;0;https://maps.app.goo.gl/4KFgzdkoFhfD5UGr8
73;Sokaraja;SDN 1 KARANGKEDAWUNG;Jl. Pramuka No. 2 KARANGKEDAWUNG Kec. Sokaraja Kab. Banyumas Jawa Tengah;Lily Yuliati;(-);2817629961;sdn.1karangkedawung@gmail.com;20302314;B;135;8;3;0;0;0;https://maps.app.goo.gl/iVJSBntGtwM7rPCp7
74;Sokaraja;SDN 1 KARANGNANAS;Karangnanas Karangnanas Kec. Sokaraja Kab. Banyumas Jawa Tengah;Mujiyatno;(-);2816575191;sdn1karangnanas@gmail.com;20302301;B;513;22;4;15;0;1;
75;Sokaraja;SDN 2 KARANGDUREN;Karangduren KARANGDUREN Kec. Sokaraja Kab. Banyumas Jawa Tengah;Tumiyah;(-);2817955566;sdn2karen@gmail.com;20302562;B;201;8;2;0;0;0;https://maps.app.goo.gl/Vg4zvTY6S7DW2VVL7
76;Sokaraja;SDN 2 KARANGKEDAWUNG;Rt. 04 / Rw. 01 Jl. Menteri Soepeno No. 135 KARANGKEDAWUNG Kec. Sokaraja Kab. Banyumas Jawa Tengah;Darto;(-);(-);sdnegeri2karangkedawung@gmail.com;20302579;B;100;8;3;0;0;0;https://maps.app.goo.gl/cyivvGiHGiz4CQDo9
77;Sokaraja;SDN 2 KARANGNANAS;Jl. Sultan Agung No.123 Karangnanas Kec. Sokaraja Kab. Banyumas Jawa Tengah;Kristina Isneni;(-);2816846665;"	esdeduakarangnanas@gmail.com";20302680;B;106;8;1;0;0;0;https://maps.app.goo.gl/no4vnxXop1x2jpPD8
78;Sokaraja;SDN 2 PAMIJEN;Jl. Tonjong Pamijen Kec. Sokaraja Kab. Banyumas Jawa Tengah;Sudaryo;(-);(-);sdn2pamijensokaraja@gmail.com;20302657;A;143;8;1;0;0;0;https://maps.app.goo.gl/mc2G928PUQYJxEJKA
79;Sokaraja;SDN 3 KARANGNANAS;Jl. Watugilang KARANGNANAS Kec. Sokaraja Kab. Banyumas Jawa Tengah;Slamet Priyatno;https://www.instagram.com/sdn3karangnanas/;6575184;karangnanas03@gmail.com;20301767;A;271;13;2;0;0;0;https://maps.app.goo.gl/o8VYFHm6bsCSsXXR8
80;Sokaraja;SDN KALIKIDANG;Rt. 01 / Rw. 04 Jl. Desa Kalikidang Kalikidang Kec. Sokaraja Kab. Banyumas Jawa Tengah;Riswanto;(-);2816846294;sdkalikidang2021@gmail.com;20302064;B;312;13;1;13;0;1;https://maps.app.goo.gl/S5TDE84PMPGD1nrVA
81;Sokaraja;SDN Kedondong;Rt. 04 / Rw. 02 Kedondong Kec. Sokaraja Kab. Banyumas Jawa Tengah;Bambang Setyanto;(-);2816540015;sdnkedondong12@gmail.com;20302035;A;334;14;2;12;1;1;https://maps.app.goo.gl/JtyXTXq341XG7CcaA
82;Sokaraja;SDN WIRADADI;Jl. Desa Wiradadi WIRADADI Kec. Sokaraja Kab. Banyumas Jawa Tengah;Slamet Riyadi;(-);2816846380;sdnwiradadi@gmail.com;20302149;B;518;21;3;15;0;1;https://maps.app.goo.gl/PanfgGRfVZaCSaBB6
83;Banyumas;SD ISLAM TERPADU INSAN MULIA BANYUMAS;Jl. Banyumas-Banjarnegara KM1 Danaraja Kec. Banyumas Kab. Banyumas Jawa Tengah;Samidah;https://www.instagram.com/sditimb_official/;2817508635;sdit.insanmuliabanyumas@gmail.com;20360455;B;368;19;4;0;0;0;https://maps.app.goo.gl/HBkxrrvJWJET9EC28
84;Banyumas;SD KRISTEN BANYUMAS;Jl Onderan No 33 Kedunguter Kec. Banyumas Kab. Banyumas Jawa Tengah;Rusilah;https://www.instagram.com/sdkristenbanyumas/;(-);sdkristenbanyumas0108@gmail.com;20302151;B;60;6;2;0;0;0;https://maps.app.goo.gl/56zXkcNjssUvQk9BA
85;Banyumas;SD MUHAMMADIYAH BANYUMAS;Jl. Kulon No.12 RT 05 RW II Sudagaran Kec. Banyumas Kab. Banyumas Jawa Tengah;Empiet A. Midiastono;https://www.instagram.com/muhisba/;(-);sdmuhisba@gmail.com;69992037;Belum Terakreditasi;101;11;5;6;0;0;https://maps.app.goo.gl/fqQJo1GV8TyMkkCn7
86;Banyumas;SD NEGERI 1 KARANGRAU;Jl PTPN IX Kebun Krumput Banyumas Karangrau Kec. Banyumas Kab. Banyumas Jawa Tengah;Nur Dwiastutiningsih Sumartini;(-);(-);khomsahnurlaeli@yahoo.co.id;20302303;A;91;7;0;0;0;0;https://maps.app.goo.gl/HaupvLufgwfBuwkN8
87;Banyumas;SD NEGERI 1 KEJAWAR;Jl Raya Banyumas Buntu KEJAWAR Kec. Banyumas Kab. Banyumas Jawa Tengah;Jumadi;(-);2817860119;sdn1kejawar@gmail.com;20302766;A;97;8;2;6;0;1;https://maps.app.goo.gl/7qbPPUsQ7t73VwTP8
88;Banyumas;SD NEGERI 1 SUDAGARAN;Jl Jenderal Gatot Subroto No 95 Banyumas SUDAGARAN Kec. Banyumas Kab. Banyumas Jawa Tengah;Sri Sumartini;(-);281796741;sdn1sudagaran@gmail.com;20302805;A;266;10;1;7;1;1;https://maps.app.goo.gl/CcpRLRX5MoqVybDi8
89;Banyumas;SD NEGERI 2 KARANGRAU;Jl Raya Banyumas Buntu Km 5 KARANGRAU Kec. Banyumas Kab. Banyumas Jawa Tengah;Abror;(-);(-);sdn_duakarangrau@yahoo.com;20302682;B;154;6;2;6;0;1;https://maps.app.goo.gl/3adb1JRtktzHzrxY7
90;Banyumas;SD NEGERI 2 SUDAGARAN;Jl Sekolahan No. 521 Alun-alun Banyumas SUDAGARAN Kec. Banyumas Kab. Banyumas Jawa Tengah;Juwarni;https://www.instagram.com/km2_sdn2sudagaran/;281796510;sdn2sudagaranbanyumas@ymail.com;20301686;B;168;9;3;0;0;0;https://maps.app.goo.gl/9dw2GpsdoDayyzqy8
91;Banyumas;SD NEGERI 3 KARANGRAU;Jl Raya Banyumas-Buntu KM 4 Karangrau Kec. Banyumas Kab. Banyumas Jawa Tengah;Ardi Waluyo;https://www.instagram.com/km6.sdn3karangrau/;(-);esdeen3karangrau@gmail.com;20301768;B;132;7;2;8;0;1;https://maps.app.goo.gl/cc5EAR25V3YWwvPJ9
92;Banyumas;SD NEGERI DANARAJA;Jl Raya Banyumas Banjarnegara Danaraja Kec. Banyumas Kab. Banyumas Jawa Tengah;Mursiti;(-);(-);sdnegeridanaraja@gmail.com;20301625;A;83;7;2;6;1;2;https://maps.app.goo.gl/ac8ZyGo5QWAxyCU4A
93;Banyumas;SD NEGERI DAWUHAN;Jl Pesarehan Adipati Mrapat No.55 Dawuhan Kec. Banyumas Kab. Banyumas Jawa Tengah;Endang Purwanti;(-);(-);sdndawuhan.upkbanyumas@gmail.com;20302364;A;210;11;4;0;0;0;https://maps.app.goo.gl/13vDMGDd2DvbzG776
94;Banyumas;SD NEGERI 1 BINANGUN;Jl Binangun Binangun Kec. Banyumas Kab. Banyumas Jawa Tengah;Darino;(-);(-);esden1binangun@gmail.com;20302318;A;157;8;1;6;1;1;
95;Banyumas;SD NEGERI 1 KEDUNGGEDE;Jl. Rumah Sakit No.101 Rt 04 RW 01 Kedunggede Kec. Banyumas Kab. Banyumas Jawa Tengah;Suwarno;https://www.instagram.com/sdn1kedunggede_bms/;2817611499;esdeensatukedunggede@yahoo.com;20302351;A;179;8;2;0;0;0;
96;Banyumas;SD NEGERI 1 PAPRINGAN;Jl Raya Serayu No 465 Papringan Kec. Banyumas Kab. Banyumas Jawa Tengah;Kasno;(-);(-);sdnegripapringan1@gmail.com;20302740;A;97;6;2;0;0;0;https://maps.app.goo.gl/7oFSEFT7tybKVLWy7
97;Banyumas;SD NEGERI 1 PASINGGANGAN;Jalan Raya Pasinggangan Pasinggangan Kec. Banyumas Kab. Banyumas Jawa Tengah;Sri Gamawati;(-);(-);pasinggangan_satu_bms@yahoo.com;20302742;B;123;8;2;6;0;1;https://maps.app.goo.gl/HqubEsifFssCvkL19
98;Banyumas;SD NEGERI 2 BINANGUN;Jalan Raya Binangun BINANGUN Kec. Banyumas Kab. Banyumas Jawa Tengah;Endah Winarti;(-);(-);binabudi2020@gmail.com;20302582;A;158;7;3;0;0;0;https://maps.app.goo.gl/GAmVZZzfySkVLPcL7
99;Banyumas;SD NEGERI 2 KEJAWAR;Jl Masjid Kejawar KEJAWAR Kec. Banyumas Kab. Banyumas Jawa Tengah;Untung Mursidi;https://www.instagram.com/kejawarsdnegeri2/;2816443274;sdn2_kejawar@yahoo.co.id;20302686;A;117;7;2;6;0;1;https://maps.app.goo.gl/t8VmZrucZz88i28q6
100;Banyumas;SD NEGERI 2 PAPRINGAN;Jalan Jaya Sirayu Papringan Kec. Banyumas Kab. Banyumas Jawa Tengah;Pramudjiani;https://www.instagram.com/sdn2papringan/;(-);sdn2papringanbms@gmail.com;20302645;A;168;7;3;0;0;0;https://maps.app.goo.gl/zDVwz7zDjoDWQMse7
101;Banyumas;SD NEGERI 2 PASINGGANGAN;Jl Kaligolong Banjat PASINGGANGAN Kec. Banyumas Kab. Banyumas Jawa Tengah;(-);(-);(-);sdn2pasinggangan@yahoo.com;20302647;B;76;8;2;6;0;1;https://maps.app.goo.gl/b9ky8vF5GxQtEjNQ8
102;Banyumas;SD NEGERI 3 BINANGUN;Binangun BINANGUN Kec. Banyumas Kab. Banyumas Jawa Tengah;Budi Setiyono;(-);(-);binangun3.jwr@gmail.com;20301808;A;62;5;2;6;0;0;https://maps.app.goo.gl/scm3orL2Am1eSmtV8
103;Banyumas;SD NEGERI 3 KEJAWAR;Grumbul Karangbajing Rt 01 Rw 04 Kejawar Kec. Banyumas Kab. Banyumas Jawa Tengah;Siti Aisah;(-);(-);sdntigakejawar@gmail.com;20301804;A;93;8;3;0;0;0;https://maps.app.goo.gl/7XUPgAbAjTk38e3j6
104;Banyumas;SD NEGERI 3 PASINGGANGAN;Jl Lapangan No. 1 Pasinggangan Pasinggangan Kec. Banyumas Kab. Banyumas Jawa Tengah;Juwarni;(-);(-);sdn3pasinggangan@yahoo.com;20301565;B;162;8;2;6;0;1;https://maps.app.goo.gl/UGNDDv5W4nUSrKFy6
105;Banyumas;SD NEGERI 3 SUDAGARAN;Jl Pramuka No 32 Sudagaran Kec. Banyumas Kab. Banyumas Jawa Tengah;Suwito;(-);281796735;sdn3_sudagaran@gmail.com;20301584;A;110;8;3;6;0;1;https://maps.app.goo.gl/uAeyWg2CVcdHRjVr7
106;Banyumas;SD NEGERI 4 KARANGRAU;Jl Surabakti KM.2 KARANGRAU Kec. Banyumas Kab. Banyumas Jawa Tengah;Marsini;https://www.instagram.com/rauempat/;(-);sdnkarangrau@gmail.com;20301537;A;94;6;3;6;0;1;
107;Banyumas;SD NEGERI 4 PASINGGANGAN;Karangjati Pasinggangan PASINGGANGAN Kec. Banyumas Kab. Banyumas Jawa Tengah;Triyana;(-);(-);sdn4pasinggangan@ymail.com;20301655;B;173;6;3;0;0;0;https://maps.app.goo.gl/KGAquKEVXvqZu5YP6
108;Banyumas;SD NEGERI 5 KARANGRAU;Jl Surabakti No 11 Karangrau Kec. Banyumas Kab. Banyumas Jawa Tengah;(-);(-);(-);sdnkarangrau5@yahoo.com;20301661;A;107;7;1;6;0;1;https://maps.app.goo.gl/HV9dqzBmwhgJb4uL9
109;Banyumas;SD NEGERI 5 PASINGGANGAN;Pasinggangan Rt 2 Rw 07 PASINGGANGAN Kec. Banyumas Kab. Banyumas Jawa Tengah;Winarni;(-);(-);sdnlimapasinggangan@yahoo.co.id;20301597;A;170;8;2;7;0;1;https://maps.app.goo.gl/uXa5bxWrRQ588rfa9
110;Banyumas;SD NEGERI CURUG;Curug Binangun Binangun Kec. Banyumas Kab. Banyumas Jawa Tengah;Krisbijantoro;(-);2817609147;(-);20301623;B;136;7;3;6;0;1;https://maps.app.goo.gl/zbWZbeggYF29az5G9
111;Banyumas;SD NEGERI KALIBATUR;Kalibatur PASINGGANGAN Kec. Banyumas Kab. Banyumas Jawa Tengah;Suparti;(-);(-);sdnkalibaturbms@gmail.com;20302068;A;130;8;2;0;0;0;https://maps.app.goo.gl/rnAQeiLxpqwsa4bcA
112;Banyumas;SD NEGERI KALISUBE;Jl Raya Sirayu No 66 Kalisube Kalisube Kec. Banyumas Kab. Banyumas Jawa Tengah;Siti Aisah;(-);281796162;sdnkalisube66@gmail.com;20302079;A;253;14;2;0;0;0;https://maps.app.goo.gl/5VVRrLjKdL1ks2i37
113;Banyumas;SD NEGERI KEDUNGUTER;Jl Karang Sawah No 524 KEDUNGUTER Kec. Banyumas Kab. Banyumas Jawa Tengah;Endang Astuti;(-);(-);emihermiati773@gmail.com;20302036;A;112;5;3;0;0;0;https://maps.app.goo.gl/DtLYV1RzhcFEQvfK6
114;Banyumas;SD NEGERI MAJINGKLAK;Jl Jaya Sirayu Papringan PAPRINGAN Kec. Banyumas Kab. Banyumas Jawa Tengah;Abidin Basuki;(-);(-);sdnmajingklak@yahoo.com;20302025;A;149;8;2;0;0;0;https://maps.app.goo.gl/3ieiEFXmc46wuzGt6
115;Banyumas;SD NEGERI PAKUNDEN;Jl Jaya Sirayu No 59 PAKUNDEN Kec. Banyumas Kab. Banyumas Jawa Tengah;Mokhamad Zain;(-);281796719;sdn.pakunden@gmail.com;20302052;B;185;8;3;0;0;0;https://maps.app.goo.gl/a5qhrmx8HEuK8okD6
116;Banyumas;SDN 2 KEDUNGGEDE;Balai Desa No. 11 Kedunggede Kec. Banyumas Kab. Banyumas Jawa Tengah;Poniyah;https://www.instagram.com/sdnegeri2kedunggede/;(-);sdn2kedunggede@yahoo.co.id;20302699;A;124;7;1;6;0;1;
117;Purwokerto Timur;SD AL IRSYAD AL ISLAMIYYAH 02 PURWOKERTO;Jl. Jatiwinangun Gg. Arjuna No. 6 Purwokerto Purwokerto Lor Kec. Purwokerto Timur Kab. Banyumas Jawa Tengah;Basuki Dwi Sulistyo;https://www.instagram.com/sdalirsyad02pwt/;281633178;sd.alirsyad02.pwt@gmail.com;20302200;A;952;56;5;0;0;0;https://maps.app.goo.gl/G2G5mHQ6DmGU8hft8
118;Purwokerto Timur;SD ISLAM TERPADU BINA ANAK SHOLEH (BIAS) PURWOKERTO;Jl. Jatiwinangun Gg.Sadewa No. 10a Purwokerto Lor Purwokerto Lor Kec. Purwokerto Timur Kab. Banyumas Jawa Tengah;Ryan Puspa Wulandari;https://www.instagram.com/bias.purwokerto/;(-);biaspurwokerto@gmail.com;70000194;B;39;5;2;0;0;0;https://maps.app.goo.gl/tUMzVwPkrCq2Pik86
119;Purwokerto Timur;SD NEGERI 3 PURWOKERTO WETAN;Jl. Supriyadi No. 27B Purwokerto Purwokerto Wetan Kec. Purwokerto Timur Kab. Banyumas Jawa Tengah;Slamet Suroso;(-);(-);sd3purwokertowetan@gmail.com;20301588;B;;;;;;;https://maps.app.goo.gl/2vG3Tu4D1uXQJ3Ut9
120;Purwokerto Timur;SD KRISTEN 1 PURWOKERTO;Jl. Jend. Gatot Subroto No. 91 Purwokerto Lor Kec. Purwokerto Timur Kab. Banyumas Jawa Tengah;Harsini Tri Handayani;https://www.instagram.com/sdkristen1/;281637537;sdkristen1purwokerto@yahoo.co.id;20302189;A;355;15;4;0;0;0;https://maps.app.goo.gl/VSTjUSEdVJ49P69z8
121;Purwokerto Timur;SD KRISTEN 2 PURWOKERTO;Jl. Kauman Lama No. 57 Purwokerto Lor Kec. Purwokerto Timur Kab. Banyumas Jawa Tengah;Yoseph Heru Supeno;https://www.instagram.com/sdkristen2_pwt/;281636258;sdk2purwokerto@gmail.com;20302190;A;119;8;2;0;0;0;https://maps.app.goo.gl/brF87QNsBXg18PuL7
122;Purwokerto Timur;SD NEGERI 1 PURWOKERTO LOR;Jl. Prof. Dr. Suharso 1140 Purwokerto Lor Kec. Purwokerto Timur Kab. Banyumas Jawa Tengah;Purwati;(-);281633501;sdn1pwtlor@gmail.com;20302840;A;152;7;3;0;0;0;https://maps.app.goo.gl/1ykGhAHBsMTQtG4y5
123;Purwokerto Timur;SD NEGERI 1 PURWOKERTO WETAN;Jl. Jend. Soedirman 152 A Purwokerto Wetan Kec. Purwokerto Timur Kab. Banyumas Jawa Tengah;Emi Harjati;(-);281632617;sdnpwtwetan01@gmail.com;20302832;A;302;15;4;12;2;1;https://maps.app.goo.gl/jXLpWmjjT7ceZdAH6
124;Purwokerto Timur;SD NEGERI 2 PURWOKERTO LOR;Jl. Overste Isdiman Gg. II No. 11 Purwokerto Lor Kec. Purwokerto Timur Kab. Banyumas Jawa Tengah;Sri Rahayu Puji Astuti;(-);281631210;(-);20301743;A;275;13;4;19;0;1;https://maps.app.goo.gl/eqUbTSBMwNwmb4fc7
125;Purwokerto Timur;SD NEGERI 2 PURWOKERTO WETAN;Jl. Kaliputih No. 442 Purwokerto Wetan Kec. Purwokerto Timur Kab. Banyumas Jawa Tengah;Suryani;https://www.instagram.com/sdn_2pwtwetan/;281635412;sd2pwtwetan@ymail.com;20301744;A;185;10;3;0;0;0;https://maps.app.goo.gl/VZQqFk3i557mrnGE6
126;Purwokerto Timur;SD KARITAS;Jl. Komisaris Bb. Suprapto Gg. I Purwokerto Lor Kec. Purwokerto Timur Kab. Banyumas Jawa Tengah;Maryatun;https://www.instagram.com/sdkaritaspurwokerto/;281626936;sdskaritaspurwokerto@gmail.com;20302202;A;62;9;1;6;1;1;https://maps.app.goo.gl/xg86ehpxQb4DfqNC6
127;Purwokerto Timur;SD SANTA MARIA PURWOKERTO;Jl. Jend. Gatot Subroto No. 44 Sokanegara Kec. Purwokerto Timur Kab. Banyumas Jawa Tengah;Antonius Adiyono,s. Pd. Sd;https://www.instagram.com/sdsantamariapwt/;28163753;sdsantamaria@ymail.com;20302187;A;272;14;3;13;3;1;https://maps.app.goo.gl/BnXRZ8NcbjXDQwx27
128;Purwokerto Timur;SD SANTO YOSEP;Jl. Komisaris Bb. Suprapto Gg. II Purwokerto Lor Kec. Purwokerto Timur Kab. Banyumas Jawa Tengah;F. X. Sigit Rudhihartono;https://www.instagram.com/sdsantoyoseppwt/;281630727;sdyosep2014@gmail.com;20302188;A;166;13;3;0;0;0;https://maps.app.goo.gl/q1rJUKLqNrNZBXkB8
129;Purwokerto Timur;SD ISLAM TERPADU HARAPAN BUNDA 2 PURWOKERTO;jL. Dr. Angka No. 56 Kelurahan Sokanegara Sokanegara Kec. Purwokerto Timur Kab. Banyumas Jawa Tengah;Shanti Nurhayati;https://www.instagram.com/sditharbun2pwt/;(-);sditharbun2purwokerto@gmail.com;69987354;;306;19;2;0;0;0;https://maps.app.goo.gl/hcCQxKSqPnsDYeg76
130;Purwokerto Timur;SD MULIA BAKTI;Jl. Dr. Suparno No. 902 Purwokerto Arcawinangun Kec. Purwokerto Timur Kab. Banyumas Jawa Tengah;Rebikem;https://www.instagram.com/sdmuliabaktipurwokerto/;641426;muliabakti26@gmail.com;69888825;B;51;7;3;6;1;1;https://maps.app.goo.gl/GbexPLxUrsKKDR4x5
131;Purwokerto Timur;SD NEGERI 1 ARCAWINANGUN;Jl. Balai Kelurahan Arcawinangun Kec. Purwokerto Timur Kab. Banyumas Jawa Tengah;Kurniasih;https://www.instagram.com/ardjipurwokertotimur/;281628357;sdnegerisatuarca@gmail.come;20302216;A;376;13;2;0;0;0;https://maps.app.goo.gl/bzDg5ckWJe4koUw6A
132;Purwokerto Timur;SD NEGERI 1 KRANJI;Jl. Adhyaksa No. 80 Kranji Kec. Purwokerto Timur Kab. Banyumas Jawa Tengah;Siti Marimah;(-);281630077;sdnsatukranji@yahoo.com;20302773;A;765;31;7;0;0;0;https://maps.app.goo.gl/m3ERipJFA128qfP58
133;Purwokerto Timur;SD NEGERI 1 MERSI;Jl. Adipati No. 45 Mersi Kec. Purwokerto Timur Kab. Banyumas Jawa Tengah;Siti Marimah;https://www.instagram.com/satumersi/;633701;sdn01mersi@gmail.com;20302724;A;211;8;2;0;0;0;https://maps.app.goo.gl/zMA9soVEpMUBb3KY6
134;Purwokerto Timur;SD NEGERI 1 SOKANEGARA;Jl. Gereja No. 13 Sokanegara Kec. Purwokerto Timur Kab. Banyumas Jawa Tengah;Tri Rudiyati;https://www.instagram.com/sdn1sokanegara/;630639;sdn1skn@gmail.com;20302857;A;598;23;7;18;2;2;https://maps.app.goo.gl/QK5b8po6VLLq3TcL6
135;Purwokerto Timur;SD NEGERI 2 MERSI;Jl. Terrwoeh Mersi Kec. Purwokerto Timur Kab. Banyumas Jawa Tengah;Slamet Suroso;(-);281624558;sdnegeri2mersi@gmail.com;20302640;B;98;8;2;0;0;0;https://maps.app.goo.gl/LCw6XaayFWX2FyjeA
136;Purwokerto Timur;SD NEGERI 3 ARCAWINANGUN;Jl. Inpres No. 10 Arcawinangun Kec. Purwokerto Timur Kab. Banyumas Jawa Tengah;Sri Sunarsih;https://www.instagram.com/arcapat_/;281627367;sdn3.arcawinangun@gmail.com;20301807;A;190;9;3;0;0;0;https://maps.app.goo.gl/RxYcVnW1j8sMm3hy5
137;Purwokerto Timur;SD NEGERI 3 SOKANEGARA;Jl. Gereja No. 5 Sokanegara Kec. Purwokerto Timur Kab. Banyumas Jawa Tengah;Suharto;https://www.instagram.com/sdn3sokanegara/;281626540;sd3sokanegara@gmail.com;20301580;A;320;13;5;12;1;2;https://maps.app.goo.gl/QqstKnbTAMyek7mi6
138;Purwokerto Timur;SD NEGERI 4 KRANJI;Jl. Kolonel Sugiono No. 47 Kranji Kec. Purwokerto Timur Kab. Banyumas Jawa Tengah;Widhiastuti;https://www.instagram.com/sdn4kranji_/;640431;sdnegeri4kranji@gmail.com;20301649;A;535;24;6;0;0;0;https://maps.app.goo.gl/ECL7PBFdb16EQR3u5
139;Purwokerto Timur;SD NEGERI 4 SOKANEGARA;Jl. Dr. Angka Gg. I No. 44 Sokanegara Kec. Purwokerto Timur Kab. Banyumas Jawa Tengah;Tjahjaning Pratiwi;https://www.instagram.com/sdn4sokanegara/;281628410;sdsoka4@gmail.com;20301644;B;107;8;2;6;1;1;https://maps.app.goo.gl/BYK5JUPs2aSTdqBe9
140;Purwokerto Timur;SD NEGERI 5 ARCAWINANGUN;Jl. Masjid Baru Rt 03 Rw 07 Arcawinangun Kec. Purwokerto Timur Kab. Banyumas Jawa Tengah;(-);https://www.instagram.com/sdn5arcawinangun/;2816571761;sdnlimaarca@gmail.com;20301676;B;93;11;2;0;0;0;https://maps.app.goo.gl/k77hinWgCtRHmruH9
141;Purwokerto Timur;SD NEGERI 7 SOKANEGARA;JL. JENDRAL SUTOYO GANG VI Sokanegara Kec. Purwokerto Timur Kab. Banyumas Jawa Tengah;Endang Tri Wibowo;https://www.instagram.com/km6_sdn7sokanegara/;281628046;sdnsoka7@gmail.com;20301629;A;65;8;4;6;0;2;https://maps.app.goo.gl/BE3hPZZUvjdmbU66A
142;Purwokerto Timur;SD NEGERI 8 KRANJI;Jl. Kalibener Gg. 2 No. 14 Kranji Kec. Purwokerto Timur Kab. Banyumas Jawa Tengah;Budhy Lestari Praptiningsih;(-);281641508;kranji8@gmail.com;20301632;A;69;8;2;0;0;0;https://maps.app.goo.gl/LaaqMHz58cukzssGA
143;Purwokerto Timur;SD BRUDERAN;Jl. Jend. Gatot Subroto No. 63 Sokanegara Kec. Purwokerto Timur Kab. Banyumas Jawa Tengah;Agatha Retnawinanti;https://www.instagram.com/sdbruderan/;281628405;sdbruderan@gmail.com;20301619;A;62;8;1;0;0;0;https://maps.app.goo.gl/FZD1wwzbFgYEdzs29
144;Purwokerto Timur;SDN 3 MERSI;Jl. Pertiwi Mersi Kec. Purwokerto Timur Kab. Banyumas Jawa Tengah;Pantja Priyo Nugroho;(-);281643753;sdn3mersi@gmail.com;20301566;A;126;8;2;0;0;0;https://maps.app.goo.gl/shfGP4pmqKdacrrr8
145;Purwokerto Timur;SDN 4 ARCAWINANGUN;Jl. Nyi Meleng Arcawinangun Kec. Purwokerto Timur Kab. Banyumas Jawa Tengah;Rochma Idawati;https://www.instagram.com/arcapat_/;281630580;sdnempatarcawinangun@yahoo.co.id;20301515;B;181;9;3;0;0;0;
146;Purwokerto Timur;SDS AL-IRSYAD 01;Jl. Ragasemangsang No. 27-24 Sokanegara Kec. Purwokerto Timur Kab. Banyumas Jawa Tengah;Alfian Nur Aziz;https://www.instagram.com/sdalirsyad01pwt/;2816288522;sdalirsyad01pwt@gmail.com;20355396;A;1000;63;9;0;0;0;https://maps.app.goo.gl/mA6ac31bwsMGXt6k8
147;Purwokerto Barat;SD TERPADU PUTRA HARAPAN PURWOKERTO BARAT;Jl. Pasiraja No.22 Bantarsoka Kec. Purwokerto Barat Kab. Banyumas Jawa Tengah;Yayuk Rofingah Alghozali;https://www.instagram.com/sditputraharapan/;281633237;sd.putraharapan@yahoo.com;20302186;A;506;34;3;0;0;0;https://maps.app.goo.gl/QUW3d3zPsP5HU3Z96
148;Purwokerto Barat;SD KRISTEN 3 PURWOKERTO BARAT;Jl.Balai Kelurahan Bantarsoka Bantarsoka Kec. Purwokerto Barat Kab. Banyumas Jawa Tengah;Nur Sabatwati;(-);281625141;kristen3pwt@gmail.com;20302191;B;22;3;2;0;0;0;https://maps.app.goo.gl/oU7Lp3LuGWYpZRA79
;;;;;;;;;;;;;;;;
;;;;;;;;;;;;;;;;
;;;;;;;;;;;;;;;;
;;;;;;;;;;;;;;;;
;;;;;;;;;;;;;;;;
;;;;;;;;;;;;;;;;
;;;;;;;;;;;;;;;;
;;;;;;;;;;;;;;;;
;;;;;;;;;;;;;;;;
;;;;;;;;;;;;;;;;
;;;;;;;;;;;;;;;;
;;;;;;;;;;;;;;;;
;;;;;;;;;;;;;;;;
;;;;;;;;;;;;;;;;
;;;;;;;;;;;;;;;;
;;;;;;;;;;;;;;;;
;;;;;;;;;;;;;;;;
;;;;;;;;;;;;;;;;
;;;;;;;;;;;;;;;;
;;;;;;;;;;;;;;;;
;;;;;;;;;;;;;;;;
;;;;;;;;;;;;;;;;
